Condición_legitimacy_status,Condición_marital_status,Condición_social_condition
,,
legitimo,,
legitimo,,
legitimo,,
,,
,,
ilegitimo,,
,,
legitimo,,
legitimo,,
ilegitimo,,
,,
legitimo,,
legitimo,,
,,
legitimo,,
legitimo,,
legitimo,,
,,
,,
ilegitimo,,
,,
,,
legitimo,,
,,
,,
legitimo,,
ilegitimo,,
legitimo,,
legitimo,,
,,
,,
legitimo,,
ilegitimo,,
,,
legitimo,,
,,
ilegitimo,,
ilegitimo,,
legitimo,,
,,
legitimo,,
,,
legitimo,,
,,
,,
,,
legitimo,,
,,
,,
legitimo,,
ilegitimo,,
,,
ilegitimo,,
,,
,,
legitimo,,
ilegitimo,,
legitimo,,
ilegitimo,,
legitimo,,
legitimo,,
,,
,,
ilegitimo,,
,,
,,
legitimo,,
,,
,,
legitimo,,
,,
legitimo,,
legitimo,,
legitimo,,
,,
legitimo,,
,,
,,
,,
,,
,,
,,
,,
,,
,,
,,
,,
ilegitimo,,
legitimo,,
ilegitimo,,
,,
ilegitimo,,
legitimo,,
ilegitimo,,
ilegitimo,,
,,
ilegitimo,,
,,
ilegitimo,,
,,
,,
ilegitimo,,
,,
legitimo,,
legitimo,,
,,
,,
,,
,,
ilegitimo,,
ilegitimo,,
,,
ilegitimo,,
ilegitimo,,
ilegitimo,,
,,
legitimo,,
,,
,,
ilegitimo,,
legitimo,,
legitimo,,
,,
legitimo,,
legitimo,,
legitimo,,
legitimo,,
legitimo,,
ilegitimo,,
legitimo,,
ilegitimo,,
legitimo,,
legitimo,,
legitimo,,
,,
,,
legitimo,,
legitimo,,
legitimo,,
,,
legitimo,,
,,
,,
legitimo,,
,,
ilegitimo,,
legitimo,,
legitimo,,
,,
,,
,,
,,
,,
,,
,,
legitimo,,
,,
,,
,,
legitimo,,
,,
,,
,,
,,
,,
,,
legitimo,,
legitimo,,
legitimo,,
legitimo,,
legitimo,,
,,
legitimo,,
legitimo,,
ilegitimo,,
legitimo,,
,,
legitimo,,
,,
legitimo,,
,,
,,
,,
,,
,,
,,
,,
,,
,,
,,
,,
,,
,,
legitimo,,
legitimo,,
,,
legitimo,,
,,
ilegitimo,,
legitimo,,
,,
,,
legitimo,,
,,
,,
legitimo,,
ilegitimo,,
ilegitimo,,
legitimo,,
,,
ilegitimo,,
,,
,,
ilegitimo,,
,,
,,
legitimo,,
ilegitimo,,
legitimo,,
,,
ilegitimo,,
,,
,,
ilegitimo,,
,,
,,
legitimo,,
,,
,,
,,
,,
ilegitimo,,
,,
,,
,,
legitimo,,
legitimo,,
,,
legitimo,,
legitimo,,
legitimo,,
,,
legitimo,,
,,
legitimo,,
legitimo,,
ilegitimo,,
,,
,,
,,
legitimo,,
,,
legitimo,,
,,
,,
legitimo,,
,,
,,tributario
,,
,,
ilegitimo,,
ilegitimo,,
ilegitimo,,
ilegitimo,,
,,
legitimo,,
legitimo,,
legitimo,,
legitimo,,
,,
,,
,,
ilegitimo,,
legitimo,,
legitimo,,
legitimo,,
,,
legitimo,,
,,
,,
,,
legitimo,,
,,
,,
,,
legitimo,,
legitimo,,
legitimo,,
legitimo,,
,,
legitimo,,
legitimo,,
,,
,,
,,
,,
legitimo,,
legitimo,,
legitimo,,
legitimo,,
ilegitimo,,
legitimo,,
legitimo,,
legitimo,,
legitimo,,
,,
,,
ilegitimo,,
ilegitimo,,
,,
ilegitimo,,
,,
,,
,,
,,
,,
,,
,,
,,
,,
legitimo,,
,,
,,
legitimo,,
,,
legitimo,,
legitimo,,
,,
legitimo,,
,,
ilegitimo,,
,,
,,
ilegitimo,,
ilegitimo,,
legitimo,,
ilegitimo,,
ilegitimo,,
,,
ilegitimo,,
,,
,,
,,
,,
legitimo,,
,,
legitimo,,
,,
,,
legitimo,,
,,
legitimo,,
,,
legitimo,,
legitimo,,
,,
,,
legitimo,,
,,
,,
,,
,,
,,
legitimo,,
,,
,,
,,
,,
,,
legitimo,,
,,
ilegitimo,,
,,
legitimo,,
legitimo,,
,,
,,
legitimo,,
ilegitimo,,
ilegitimo,,
ilegitimo,,
,,
,,
legitimo,,
legitimo,,
,,
,,
legitimo,,
legitimo,,
,,
ilegitimo,,
legitimo,,
ilegitimo,,
,,
,,
ilegitimo,,
,,
,,
,,
,,
,,
,,
,,
,,
ilegitimo,,
legitimo,,
,,
,,
,,
,,
,,
ilegitimo,,
ilegitimo,,
,,
ilegitimo,,
legitimo,,
legitimo,,
legitimo,,
legitimo,,
legitimo,,
legitimo,,
legitimo,,
legitimo,,
,,
legitimo,,
legitimo,,
legitimo,,
legitimo,,
,,
,,
legitimo,,
legitimo,,
legitimo,,
,,
ilegitimo,,
,,
,,
,,
ilegitimo,,
,,
,,
,,
,,
legitimo,,
,,
,,
legitimo,,
legitimo,,
legitimo,,
ilegitimo,,
,,
legitimo,,
legitimo,,
,,
,,
,,
legitimo,,
legitimo,,
legitimo,,
legitimo,,
ilegitimo,,
legitimo,,
legitimo,,
ilegitimo,,
legitimo,,
,,
,,
,,
,,
,,
legitimo,,
,,
,,
ilegitimo,,
legitimo,,
,,
,,
legitimo,,
,,
,,
legitimo,,
legitimo,,
ilegitimo,,
,,
legitimo,,
legitimo,,
,,
legitimo,,
legitimo,,
,,
legitimo,,
legitimo,,
,,
legitimo,,
,,
legitimo,,
legitimo,,
,,
,,
ilegitimo,,
,,
,,
,,
ilegitimo,,
legitimo,,
legitimo,,
,,
,,
legitimo,,
,,
,,
,,
ilegitimo,,
legitimo,,
legitimo,,
,,
,,
,,
legitimo,,
,,
legitimo,,
legitimo,,
legitimo,,
,,
,,
legitimo,,
,,
legitimo,,
legitimo,,
legitimo,,
legitimo,,
ilegitimo,,
ilegitimo,,
legitimo,,
,,
legitimo,,
ilegitimo,,
,,
legitimo,,
legitimo,,
legitimo,,
,,
legitimo,,
legitimo,,
ilegitimo,,
,,
legitimo,,
legitimo,,
,,
ilegitimo,,
,,
,,
,,
legitimo,,
legitimo,,
legitimo,,
,,
ilegitimo,,
ilegitimo,,
,,
ilegitimo,,
legitimo,,
legitimo,,
,,
legitimo,,
,,
legitimo,,
,,
legitimo,,
,,
legitimo,,
legitimo,,
legitimo,,
legitimo,,
legitimo,,
legitimo,,
,,
,,
,,
,,
ilegitimo,,
,,
legitimo,,
,,
legitimo,,
legitimo,,
legitimo,,
,,
legitimo,,
legitimo,,
legitimo,,
,,
legitimo,,
legitimo,,
,,
,,
,,
legitimo,,
legitimo,,
,,
,,
,,
ilegitimo,,
,,
legitimo,,
legitimo,,
legitimo,,
legitimo,,
,,
,,
,,
legitimo,,
legitimo,,
,,
legitimo,,
,,
legitimo,,
,,
,,
ilegitimo,,
legitimo,,
legitimo,,
ilegitimo,,
,,
legitimo,,
legitimo,,
,,
legitimo,,
legitimo,,
legitimo,,
legitimo,,
,,
,,
,,
legitimo,,
,,
ilegitimo,,
,,
legitimo,,
,,
legitimo,,
,,
ilegitimo,,
legitimo,,
,,
legitimo,,
,,
,,
legitimo,,
legitimo,,
legitimo,,
legitimo,,
,,
legitimo,,
legitimo,,
,,
ilegitimo,,
legitimo,,
legitimo,,
,,
,,
ilegitimo,,
legitimo,,
legitimo,,
legitimo,,
ilegitimo,,
,,
,,
,,
legitimo,,
legitimo,,
,,
,,
legitimo,,
,,
legitimo,,
,,
,,
ilegitimo,,
legitimo,,
legitimo,,
ilegitimo,,
legitimo,,
,,
ilegitimo,,
legitimo,,
legitimo,,
legitimo,,
,,
,,
,,
legitimo,,
,,
legitimo,,
ilegitimo,,
ilegitimo,,
,,
,,
ilegitimo,,
,,
legitimo,,
legitimo,,
legitimo,,
legitimo,,
legitimo,,
legitimo,,
ilegitimo,,
,,
legitimo,,
,,
legitimo,,
ilegitimo,,
,,
legitimo,,
legitimo,,
,,
legitimo,,
,,
,,
legitimo,,
,,
,,
legitimo,,
legitimo,,
,,
legitimo,,
,,
legitimo,,
,,
,,
,,
ilegitimo,,
ilegitimo,,
ilegitimo,,
legitimo,,
legitimo,,
,,
,,
,,
,,
,,
legitimo,,
legitimo,,
,,
,,
,,
,,
,,
legitimo,,
legitimo,,
legitimo,,
,,
legitimo,,
,,
legitimo,,
,,
,,
,,
legitimo,,
,,
ilegitimo,,
,,
legitimo,,
,,
ilegitimo,,
legitimo,,
legitimo,,
,,
,,
ilegitimo,,
,,
legitimo,,
,,
,,
legitimo,,
legitimo,,
,,
legitimo,,
legitimo,,
,,
,,
,,
legitimo,,
ilegitimo,,
,,
,,
,,
legitimo,,
,,
,,
legitimo,,
,,
legitimo,,
legitimo,,
,,
,,
legitimo,,
,,
legitimo,,
legitimo,,
,,
,,
legitimo,,
legitimo,,
,,
legitimo,,
legitimo,,
,,
,,
,,
,,
,,
ilegitimo,,
,,
legitimo,,
legitimo,,
,,
,,
,,
ilegitimo,,
legitimo,,
,,
,,
legitimo,,
,,
legitimo,,
,,
legitimo,,
,,
,,
legitimo,,
,,
,,
legitimo,,
,,
legitimo,,
,,
,,
,,
legitimo,,
legitimo,,
,,
,,
legitimo,,
legitimo,,
ilegitimo,,
ilegitimo,,
legitimo,,
legitimo,,
,,
legitimo,,
ilegitimo,,
legitimo,,
legitimo,,
legitimo,,
legitimo,,
,,
ilegitimo,,
,,
,,
,,
,,
legitimo,,
,,
,,
,,
,,
,,
,,
,,
legitimo,,
legitimo,,
,,
,,
legitimo,,
legitimo,,
legitimo,,
,,
legitimo,,
legitimo,,
ilegitimo,,
,,
,,
,,
,,
legitimo,,
,,
ilegitimo,,
,,
,,
,,
,,
legitimo,,
legitimo,,
,,
,,
legitimo,,
legitimo,,
legitimo,,
,,
,,
,,
legitimo,,
,,
legitimo,,
,,
ilegitimo,,
,,
,,
legitimo,,
ilegitimo,,
,,
,,
,,
ilegitimo,,
,,
legitimo,,
legitimo,,
,,
legitimo,,
,,
,,
,,
ilegitimo,,
legitimo,,
legitimo,,
legitimo,,
,,
legitimo,,
,,
legitimo,,
,,
,,
ilegitimo,,
legitimo,,
legitimo,,
legitimo,,
legitimo,,
legitimo,,
legitimo,,
ilegitimo,,
legitimo,,
legitimo,,
ilegitimo,,
,,
legitimo,,
legitimo,,
,,
legitimo,,
,,
,,
,,
legitimo,,
ilegitimo,,
legitimo,,
legitimo,,
legitimo,,
,,
,,
ilegitimo,,
,,
legitimo,,
legitimo,,
legitimo,,
,,
legitimo,,
ilegitimo,,
ilegitimo,,
,,
legitimo,,
legitimo,,
legitimo,,
,,
ilegitimo,,
,,
,,
legitimo,,
legitimo,,
,,
legitimo,,
,,
ilegitimo,,
,,
,,
,,
ilegitimo,,
,,
legitimo,,
legitimo,,
legitimo,,
,,
legitimo,,
legitimo,,
legitimo,,
legitimo,,
legitimo,,
legitimo,,
legitimo,,
,,
,,
,,
,,
,,
,,
legitimo,,
legitimo,,
legitimo,,
,,
,,
,,
ilegitimo,,
legitimo,,
,,
legitimo,,
,,
,,
legitimo,,
,,
legitimo,,
,,
,,
,,
legitimo,,
legitimo,,
legitimo,,
legitimo,,
legitimo,,
legitimo,,
,,
legitimo,,
legitimo,,
legitimo,,
,,
legitimo,,
legitimo,,
legitimo,,
legitimo,,
,,
legitimo,,
,,
,,
legitimo,,
,,
,,
legitimo,,
,,
legitimo,,
legitimo,,
,,
legitimo,,
ilegitimo,,
legitimo,,
,,
,,
legitimo,,
,,
,,
,,
legitimo,,
legitimo,,
legitimo,,
,,
legitimo,,
ilegitimo,,
,,
,,
,,
,,
,,
,,
,,
legitimo,,
ilegitimo,,
ilegitimo,,
legitimo,,
,,
,,
legitimo,,
,,
,,
,,
,,
,,
,,
ilegitimo,,
legitimo,,
ilegitimo,,
legitimo,,
,,
ilegitimo,,
,,
legitimo,,
,,
,,
legitimo,,
legitimo,,
,,
legitimo,,
legitimo,,
,,
,,
legitimo,,
legitimo,,
legitimo,,
ilegitimo,,
legitimo,,
,,
legitimo,,
legitimo,,
legitimo,,
legitimo,,
legitimo,,
,,
legitimo,,
,,
,,
legitimo,,
ilegitimo,,
,,
ilegitimo,,
legitimo,,
legitimo,,
,,
ilegitimo,,
legitimo,,
,,
,,
ilegitimo,,
,,
legitimo,,
,,
legitimo,,
legitimo,,
,,
,,
,,
,,
,,
legitimo,,
,,
,,
legitimo,,
legitimo,,
,,
,,
legitimo,,
legitimo,,
legitimo,,
,,
legitimo,,
legitimo,,
legitimo,,
,,
legitimo,,
,,
,,
,,
,,
,,
,,
,,
legitimo,,
,,
legitimo,,
legitimo,,
,,
ilegitimo,,
ilegitimo,,
,,
legitimo,,
,,
legitimo,,
legitimo,,
legitimo,,
ilegitimo,,
legitimo,,
ilegitimo,,español
ilegitimo,,español
,,indio
,,indio
legitimo,,indio
,,indio
,,
legitimo,,
,,indio
,,indio
,,español
,,indio
,,indio
,,
ilegitimo,,español
legitimo,,indio
legitimo,,
legitimo,,indio
,,indio
,,indio
,,indio
,,indio
,,indio
legitimo,,indio
legitimo,,indio
,,indio
,,indio
,,indio
legitimo,,indio
legitimo,,indio
,,indio
legitimo,,indio
,,indio
legitimo,,indio
legitimo,,indio
legitimo,,indio
,,indio
legitimo,,indio
legitimo,,indio
,,indio
,,indio
,,indio
,,indio
,,indio
,,indio
,,indio
,,indio
,,indio
,,indio
,,indio
,,indio
legitimo,,indio
legitimo,,indio
,,indio
legitimo,,indio
legitimo,,
legitimo,,
,,indio
,,indio
,,indio
,,indio
legitimo,,indio
ilegitimo,,español
,,indio
legitimo,,indio
legitimo,,indio
,,indio
legitimo,,indio
legitimo,,indio
ilegitimo,,indio
legitimo,,indio
,,indio
,,indio
ilegitimo,,indio
legitimo,,indio
,,indio
legitimo,,indio
ilegitimo,,indio
,,indio
,,indio
legitimo,,indio
legitimo,,indio
legitimo,,indio
legitimo,,indio
legitimo,,indio
,,indio
legitimo,,indio
,,indio
legitimo,,indio
,,indio
ilegitimo,,español
ilegitimo,,indio
,,indio
ilegitimo,,español
,,indio
legitimo,,indio
,,indio
,,indio
,,indio
,,indio
,,indio
,,indio
,,indio
legitimo,,indio
legitimo,,indio
legitimo,,indio
,,indio
ilegitimo,,español
,,indio
,,indio
legitimo,,indio
legitimo,,indio
legitimo,,indio
,,indio
,,indio
,,indio
,,indio
,,indio
,,indio
,,indio
,,indio
,,indio
legitimo,,indio
legitimo,,español
ilegitimo,,
legitimo,,indio
legitimo,,indio
legitimo,,indio
,,indio
,,indio
legitimo,,indio
,,español
legitimo,,indio
,,indio
,,indio
,,indio
legitimo,,indio
legitimo,,indio
,,indio
,,indio
legitimo,,indio
legitimo,,indio
,,indio
legitimo,,indio
,,indio
,,indio
legitimo,,indio
,,indio
,,indio
legitimo,,indio
legitimo,,indio
legitimo,,indio
,,indio
ilegitimo,,indio
legitimo,,indio
,,indio
,,español
,,indio
ilegitimo,,
,,indio
ilegitimo,,indio
legitimo,,indio
,,indio
legitimo,,indio
legitimo,,indio
legitimo,,indio
legitimo,,indio
legitimo,,indio
,,indio
legitimo,,indio
,,indio
,,indio
ilegitimo,,indio
ilegitimo,,indio
legitimo,,indio
,,indio
,,indio
,,indio
legitimo,,indio
legitimo,,indio
,,indio
,,español
,,indio
ilegitimo,,español
ilegitimo,,indio
,,indio
legitimo,,indio
legitimo,,indio
,,indio
ilegitimo,,indio
,,indio
,,indio
,,indio
legitimo,,indio
legitimo,,indio
,,indio
,,indio
,,indio
legitimo,,indio
,,indio
,,indio
legitimo,,indio
legitimo,,indio
,,indio
,,indio
legitimo,,indio
legitimo,,indio
,,indio
legitimo,,indio
legitimo,,indio
legitimo,,indio
,,indio
,,indio
legitimo,,indio
legitimo,,indio
legitimo,,indio
,,indio
,,indio
legitimo,,indio
,,indio
legitimo,,español
legitimo,,indio
,,indio
,,indio
legitimo,,indio
,,indio
legitimo,,indio
,,indio
legitimo,,indio
legitimo,,indio
legitimo,,indio
legitimo,,indio
,,indio
legitimo,,indio
legitimo,,
,,
,,
,,
legitimo,,
legitimo,,
,,
,,
legitimo,,
,,
,,
,,español
,,español
ilegitimo,,
,,
ilegitimo,,
legitimo,,tributario
legitimo,,tributario
ilegitimo,,tributario
,,tributario
,,tributario
legitimo,,tributario
legitimo,,tributario
legitimo,,tributario
legitimo,,tributario
legitimo,,tributario
legitimo,,tributario
legitimo,,tributario
,,tributario
legitimo,,tributario
,,tributario
,,tributario
,,tributario
ilegitimo,,tributario
legitimo,,tributario
legitimo,,tributario
legitimo,,tributario
,,tributario
,,tributario
,,tributario
,,tributario
legitimo,,tributario
,,tributario
legitimo,,tributario
,,tributario
legitimo,,tributario
,,tributario
legitimo,,tributario
,,tributario
legitimo,,tributario
legitimo,,tributario
legitimo,,tributario
legitimo,,tributario
legitimo,,tributario
legitimo,,tributario
legitimo,,tributario
legitimo,,tributario
legitimo,,tributario
,,español
legitimo,,tributario
,,tributario
legitimo,,tributario
ilegitimo,,español
ilegitimo,,tributario
legitimo,,tributario
legitimo,,
ilegitimo,,
legitimo,,
legitimo,,
,,
legitimo,,
legitimo,,
,,
legitimo,,
legitimo,,
,,
,,
ilegitimo,,
legitimo,,
,,
,,
,,
legitimo,,
,,
legitimo,,
legitimo,,
legitimo,,
,,
legitimo,,
,,
,,
ilegitimo,,
legitimo,,
ilegitimo,,
,,
legitimo,,
legitimo,,
legitimo,,
,,
,,
legitimo,,
,,
,,
,,
ilegitimo,,
legitimo,,
legitimo,,
legitimo,,
,,
,,
legitimo,,
,,
,,
legitimo,,
legitimo,,
,,
,,
legitimo,,
,,
,,
,,
,,
legitimo,,
,,
,,
,,
legitimo,,
,,
ilegitimo,,
ilegitimo,,
,,
,,
,,
,,
legitimo,,
,,
legitimo,,
legitimo,,
legitimo,,
legitimo,,
,,
,,
,,
,,
,,
ilegitimo,,
,,
ilegitimo,,
legitimo,,
,,
,,
,,
legitimo,,
legitimo,,
,,
legitimo,,
legitimo,,
legitimo,,
legitimo,,
,,
legitimo,,
ilegitimo,,
ilegitimo,,
,,
legitimo,,
legitimo,,
legitimo,,
legitimo,,
,,
,,
,,
ilegitimo,,
ilegitimo,,
,,
,,
,,
legitimo,,
legitimo,,
,,
ilegitimo,,
,,
legitimo,,
legitimo,,
legitimo,,
,,
legitimo,,
legitimo,,
legitimo,,
legitimo,,
legitimo,,
,,
,,
,,
,,
legitimo,,
,,
ilegitimo,,
,,
legitimo,,
,,
,,
,,
,,
legitimo,,
,,
,,
legitimo,,
,,
legitimo,,
legitimo,,
ilegitimo,,
legitimo,,
,,
legitimo,,
legitimo,,
,,
,,
legitimo,,
,,
legitimo,,
legitimo,,
,,
,,
legitimo,,
,,
legitimo,,
,,
legitimo,,
,,
legitimo,,
legitimo,,
,,
,,
,,
,,
legitimo,,
,,
legitimo,,
legitimo,,
legitimo,,
,,
legitimo,,
,,
legitimo,,
,,
,,
ilegitimo,,
,,
legitimo,,
legitimo,,
,,
,,
legitimo,,
,,
,,
legitimo,,
,,
legitimo,,
,,
,,
legitimo,,
,,
legitimo,,
,,
ilegitimo,,
legitimo,,
,,
,,
legitimo,,
ilegitimo,,
legitimo,,
ilegitimo,,
legitimo,,
legitimo,,
legitimo,,
legitimo,,
,,
legitimo,,
,,
legitimo,,
,,
,,
,,
,,
legitimo,,
legitimo,,
,,
,,
,,
ilegitimo,,
legitimo,,
,,
legitimo,,
legitimo,,
,,
,,
,,
ilegitimo,,
,,
,,
legitimo,,
legitimo,,
,,
,,
,,
legitimo,,
,,
,,
,,
legitimo,,
,,
legitimo,,
,,
,,
,,
legitimo,,
legitimo,,
legitimo,,
,,
,,
legitimo,,
,,
legitimo,,
,,
,,
,,
,,
legitimo,,
legitimo,,
legitimo,,
legitimo,,
legitimo,,
legitimo,,
,,
,,
,,
ilegitimo,,
legitimo,,
legitimo,,
legitimo,,
,,
,,
,,
,,
,,
,,
,,
legitimo,,
legitimo,,
legitimo,,
,,
,,
ilegitimo,,
legitimo,,
,,
,,
legitimo,,
,,
legitimo,,
legitimo,,
,,
,,
legitimo,,
,,
legitimo,,
,,
,,
ilegitimo,,
legitimo,,
legitimo,,
legitimo,,
legitimo,,
,,
legitimo,,
,,
legitimo,,
,,
ilegitimo,,
legitimo,,
,,
legitimo,,
legitimo,,
ilegitimo,,
,,
legitimo,,
legitimo,,
,,
,,
,,
,,
,,
,,
,,
legitimo,,
,,
,,
,,
,,
,,
ilegitimo,,
,,
,,
legitimo,,
,,
legitimo,,
,,
,,
legitimo,,
,,
,,
,,
,,
legitimo,,
legitimo,,
ilegitimo,,
legitimo,,
legitimo,,
,,
,,
,,
,,
legitimo,,
legitimo,,
ilegitimo,,
,,
,,
,,
,,
legitimo,,
legitimo,,
,,
legitimo,,
legitimo,,
,,
,,
legitimo,,
,,
,,
,,
ilegitimo,,
ilegitimo,,
,,
legitimo,,
ilegitimo,,
legitimo,,
,,
,,
,,
,,
legitimo,,
legitimo,,
,,
legitimo,,
,,
,,
,,
legitimo,,
legitimo,,
legitimo,,
ilegitimo,,
,,
,,
,,
,,
,,
legitimo,,
legitimo,,
legitimo,,
,,
,,
legitimo,,
ilegitimo,,
legitimo,,
,,
ilegitimo,,
,,
legitimo,,
,,
,,
ilegitimo,,
,,
,,
,,
,,
ilegitimo,,
,,
,,
,,
,,
,,
legitimo,,
legitimo,,
legitimo,,
ilegitimo,,
legitimo,,
legitimo,,
ilegitimo,,
legitimo,,español
legitimo,,
legitimo,,
legitimo,,
ilegitimo,,
legitimo,,
legitimo,,
legitimo,,
legitimo,,
legitimo,,
legitimo,,
ilegitimo,,
legitimo,,
legitimo,,
ilegitimo,,
legitimo,,
legitimo,,
legitimo,,
legitimo,,
legitimo,,
ilegitimo,,
legitimo,,
ilegitimo,,
legitimo,,
ilegitimo,,
legitimo,,
legitimo,,
legitimo,,
legitimo,,
legitimo,,
legitimo,,
legitimo,,
legitimo,,
legitimo,,
legitimo,,
legitimo,,
legitimo,,
legitimo,,
legitimo,,
legitimo,,español
ilegitimo,,
legitimo,,
legitimo,,
ilegitimo,,
legitimo,,
ilegitimo,,
legitimo,,
legitimo,,
legitimo,,
legitimo,,
legitimo,,
legitimo,,
legitimo,,
legitimo,,
legitimo,,español
legitimo,,
ilegitimo,,
legitimo,,
legitimo,,
legitimo,,español
legitimo,,
legitimo,,
legitimo,,
legitimo,,
legitimo,,
legitimo,,
legitimo,,
legitimo,,
legitimo,,
legitimo,,
legitimo,,
legitimo,,
ilegitimo,,
legitimo,,
legitimo,,
legitimo,,
legitimo,,
legitimo,,
legitimo,,
legitimo,,
legitimo,,
legitimo,,
legitimo,,
legitimo,,
legitimo,,
ilegitimo,,
legitimo,,
legitimo,,
legitimo,,
legitimo,,
legitimo,,
legitimo,,
legitimo,,
legitimo,,
legitimo,,
legitimo,,
ilegitimo,,
legitimo,,
legitimo,,
legitimo,,
legitimo,,
ilegitimo,,
legitimo,,
legitimo,,
ilegitimo,,
legitimo,,
legitimo,,
legitimo,,
legitimo,,
legitimo,,
legitimo,,
legitimo,,
legitimo,,
legitimo,,
ilegitimo,,
legitimo,,
legitimo,,
legitimo,,
legitimo,,
ilegitimo,,
legitimo,,
legitimo,,
legitimo,,
legitimo,,
legitimo,,
legitimo,,
legitimo,,
legitimo,,
legitimo,,
legitimo,,
legitimo,,
legitimo,,
legitimo,,
legitimo,,
legitimo,,
legitimo,,
legitimo,,
legitimo,,
legitimo,,
legitimo,,
legitimo,,
legitimo,,
legitimo,,
ilegitimo,,
legitimo,,
legitimo,,
legitimo,,
legitimo,,
legitimo,,
legitimo,,
legitimo,,
legitimo,,
legitimo,,
legitimo,,
ilegitimo,,
legitimo,,
legitimo,,
legitimo,,
legitimo,,
legitimo,,
legitimo,,
legitimo,,
legitimo,,
legitimo,,
legitimo,,
legitimo,,
legitimo,,
ilegitimo,,
legitimo,,
legitimo,,
legitimo,,
legitimo,,
legitimo,,
legitimo,,
legitimo,,
legitimo,,
legitimo,,
legitimo,,
legitimo,,
legitimo,,
legitimo,,
legitimo,,
legitimo,,
legitimo,,
legitimo,,
legitimo,,
legitimo,,
ilegitimo,,
legitimo,,
legitimo,,
legitimo,,
ilegitimo,,
legitimo,,
legitimo,,
ilegitimo,,
ilegitimo,,
legitimo,,
legitimo,,
ilegitimo,,
ilegitimo,,
legitimo,,
ilegitimo,,indio
legitimo,,indio
legitimo,,indio
ilegitimo,,español
legitimo,,indio
legitimo,,indio
legitimo,,indio
legitimo,,indio
legitimo,,indio
legitimo,,indio
legitimo,,español
ilegitimo,,español
legitimo,,indio
legitimo,,indio
ilegitimo,,indio
ilegitimo,,indio
ilegitimo,,indio
legitimo,,indio
ilegitimo,,
legitimo,,
legitimo,,
legitimo,,
legitimo,,
legitimo,,
legitimo,,
legitimo,,
legitimo,,
legitimo,,
legitimo,,
legitimo,,
legitimo,,
legitimo,,
legitimo,,
legitimo,,
legitimo,,
legitimo,,
legitimo,,
legitimo,,
legitimo,,
legitimo,,
ilegitimo,,
legitimo,,
,,
legitimo,,
legitimo,,
ilegitimo,,
ilegitimo,,
legitimo,,
legitimo,,
legitimo,,
legitimo,,
legitimo,,
legitimo,,
legitimo,,
legitimo,,
legitimo,,
legitimo,,
ilegitimo,,
legitimo,,
legitimo,,
legitimo,,
legitimo,,
legitimo,,
legitimo,,
legitimo,,
legitimo,,
legitimo,,
legitimo,,
legitimo,,
legitimo,,
,,
legitimo,,
legitimo,,
legitimo,,
legitimo,,
legitimo,,
legitimo,,
legitimo,,
legitimo,,
legitimo,,
legitimo,,
legitimo,,
legitimo,,
legitimo,,
legitimo,,
legitimo,,
legitimo,,
legitimo,,
legitimo,,
legitimo,,
legitimo,,
ilegitimo,,
ilegitimo,,
legitimo,,
legitimo,,
legitimo,,
legitimo,,
legitimo,,indio
legitimo,,
legitimo,,
legitimo,,
legitimo,,
legitimo,,
legitimo,,
legitimo,,
ilegitimo,,
ilegitimo,,
ilegitimo,,
ilegitimo,,
legitimo,,
legitimo,,
legitimo,,
legitimo,,
legitimo,,
ilegitimo,,
legitimo,,español
legitimo,,
legitimo,,
legitimo,,
legitimo,,
legitimo,,
legitimo,,
legitimo,,
ilegitimo,,
legitimo,,
legitimo,,
ilegitimo,,
ilegitimo,,
legitimo,,
legitimo,,
legitimo,,
legitimo,,
legitimo,,
legitimo,,
ilegitimo,,español
legitimo,,
legitimo,,
legitimo,,
legitimo,,
legitimo,,
legitimo,,indio
legitimo,,indio
legitimo,,español
legitimo,,español
legitimo,,indio
legitimo,,indio
legitimo,,indio
legitimo,,
ilegitimo,,indio
legitimo,,indio
legitimo,,indio
,,indio
ilegitimo,,indio
legitimo,,indio
legitimo,,indio
legitimo,,indio
legitimo,,indio
legitimo,,indio
legitimo,,indio
legitimo,,indio
legitimo,,indio
legitimo,,mestizo
legitimo,,indio
legitimo,,indio
legitimo,,indio
legitimo,,indio
legitimo,,indio
legitimo,,indio
legitimo,,indio
legitimo,,mestizo
legitimo,,indio
legitimo,,indio
legitimo,,indio
legitimo,,indio
ilegitimo,,indio
legitimo,,indio
legitimo,,español
legitimo,,indio
legitimo,,indio
legitimo,,indio
legitimo,,indio
legitimo,,indio
legitimo,,indio
legitimo,,indio
legitimo,,indio
ilegitimo,,indio
legitimo,,indio
legitimo,,indio
legitimo,,indio
legitimo,,indio
legitimo,,indio
legitimo,,indio
ilegitimo,,indio
legitimo,,indio
legitimo,,español
legitimo,,español
ilegitimo,,español
legitimo,,indio
ilegitimo,,español
ilegitimo,,español
legitimo,,indio
legitimo,,indio
legitimo,,indio
legitimo,,indio
legitimo,,español
legitimo,,indio
legitimo,,indio
ilegitimo,,indio
ilegitimo,,español
legitimo,,indio
legitimo,,indio
legitimo,,indio
ilegitimo,,indio
legitimo,,indio
legitimo,,indio
legitimo,,indio
legitimo,,indio
legitimo,,indio
legitimo,,indio
legitimo,,indio
legitimo,,indio
legitimo,,indio
legitimo,,indio
legitimo,,mestizo
legitimo,,indio
legitimo,,indio
legitimo,,indio
legitimo,,español
legitimo,,
legitimo,,
legitimo,,
legitimo,,
legitimo,,
legitimo,,
legitimo,,
legitimo,,
legitimo,,
legitimo,,
legitimo,,
legitimo,,
legitimo,,indio
legitimo,,indio
legitimo,,indio
ilegitimo,,
legitimo,,indio
legitimo,,indio
legitimo,,indio
legitimo,,indio
legitimo,,indio
legitimo,,
legitimo,,indio
legitimo,,indio
legitimo,,indio
legitimo,,indio
ilegitimo,,
legitimo,,
legitimo,,
legitimo,,
legitimo,,
legitimo,,
legitimo,,
legitimo,,
legitimo,,
legitimo,,
legitimo,,indio
legitimo,,indio
legitimo,,indio
legitimo,,indio
legitimo,,indio
legitimo,,indio
legitimo,,indio
legitimo,,indio
legitimo,,indio
legitimo,,español
legitimo,,indio
legitimo,,indio
legitimo,,indio
legitimo,,indio
legitimo,,indio
legitimo,,español
legitimo,,indio
legitimo,,indio
legitimo,,indio
legitimo,,indio
legitimo,,indio
legitimo,,indio
legitimo,,indio
legitimo,,indio
legitimo,,indio
legitimo,,indio
legitimo,,indio
legitimo,,indio
legitimo,,indio
legitimo,,indio
legitimo,,mestizo
legitimo,,indio
legitimo,,indio
legitimo,,indio
legitimo,,español
legitimo,,indio
legitimo,,indio
legitimo,,indio
legitimo,,indio
legitimo,,mestizo
legitimo,,indio
legitimo,,indio
legitimo,,indio
legitimo,,indio
legitimo,,indio
legitimo,,indio
legitimo,,indio
legitimo,,indio
legitimo,,mestizo
legitimo,,indio
legitimo,,indio
legitimo,,
legitimo,,indio
legitimo,,indio
legitimo,,indio
legitimo,,indio
legitimo,,indio
legitimo,,indio
legitimo,,indio
legitimo,,indio
legitimo,,indio
legitimo,,indio
legitimo,,indio
legitimo,,indio
legitimo,,indio
legitimo,,indio
legitimo,,indio
legitimo,,indio
legitimo,,indio
legitimo,,indio
legitimo,,indio
legitimo,,indio
legitimo,,indio
legitimo,,indio
legitimo,,indio
ilegitimo,,español
ilegitimo,,español
legitimo,,indio
legitimo,,indio
legitimo,,indio
legitimo,,indio
legitimo,,indio
legitimo,,indio
legitimo,,indio
ilegitimo,,mestizo
legitimo,,indio
legitimo,,mestizo
legitimo,,indio
legitimo,,indio
legitimo,,indio
legitimo,,indio
legitimo,,indio
legitimo,,indio
legitimo,,español
legitimo,,español
legitimo,,indio
legitimo,,
legitimo,,indio
,,indio
legitimo,,
legitimo,,indio
legitimo,,indio
legitimo,,indio
legitimo,,indio
legitimo,,indio
legitimo,,indio
legitimo,,indio
legitimo,,indio
legitimo,,indio
legitimo,,indio
legitimo,,indio
legitimo,,indio
legitimo,,indio
legitimo,,indio
legitimo,,indio
legitimo,,indio
legitimo,,indio
legitimo,,
ilegitimo,,indio
legitimo,,indio
legitimo,,indio
legitimo,,indio
legitimo,,indio
legitimo,,indio
ilegitimo,,indio
legitimo,,indio
legitimo,,indio
legitimo,,indio
legitimo,,
legitimo,,indio
legitimo,,indio
legitimo,,indio
legitimo,,indio
legitimo,,indio
legitimo,,indio
legitimo,,indio
legitimo,,indio
legitimo,,indio
legitimo,,indio
legitimo,,indio
legitimo,,indio
legitimo,,indio
legitimo,,indio
legitimo,,
legitimo,,indio
legitimo,,indio
legitimo,,indio
legitimo,,indio
legitimo,,
legitimo,,
legitimo,,indio
ilegitimo,,indio
legitimo,,indio
legitimo,,indio
legitimo,,indio
legitimo,,indio
legitimo,,indio
legitimo,,indio
legitimo,,indio
legitimo,,indio
legitimo,,indio
ilegitimo,,indio
legitimo,,indio
ilegitimo,,indio
ilegitimo,,indio
legitimo,,indio
legitimo,,indio
legitimo,,indio
legitimo,,indio
legitimo,,indio
legitimo,,indio
legitimo,,indio
legitimo,,indio
legitimo,,indio
legitimo,,indio
legitimo,,indio
legitimo,,indio
ilegitimo,,
legitimo,,
legitimo,,
legitimo,,indio
ilegitimo,,
ilegitimo,,
ilegitimo,,
ilegitimo,,
legitimo,,
ilegitimo,,indio
legitimo,,indio
legitimo,,indio
legitimo,,indio
legitimo,,indio
legitimo,,
legitimo,,
legitimo,,
legitimo,,
legitimo,,
legitimo,,
legitimo,,
legitimo,,
legitimo,,
legitimo,,
legitimo,,
legitimo,,
legitimo,,
legitimo,,
legitimo,,
legitimo,,
legitimo,,
legitimo,,
legitimo,,
legitimo,,
legitimo,,
legitimo,,
legitimo,,
legitimo,,
legitimo,,
legitimo,,
legitimo,,
legitimo,,
legitimo,,
legitimo,,
legitimo,,
legitimo,,
legitimo,,
legitimo,,
legitimo,,
legitimo,,
legitimo,,
legitimo,,
legitimo,,
legitimo,,indio
legitimo,,
legitimo,,
legitimo,,
legitimo,,
legitimo,,
legitimo,,
legitimo,,
legitimo,,
legitimo,,
legitimo,,
legitimo,,
legitimo,,
legitimo,,
legitimo,,
legitimo,,
legitimo,,
legitimo,,
legitimo,,
legitimo,,
legitimo,,
legitimo,,
legitimo,,
legitimo,,
legitimo,,
legitimo,,
legitimo,,
legitimo,,
legitimo,,indio
legitimo,,indio
legitimo,,
legitimo,,indio
legitimo,,indio
legitimo,,español
ilegitimo,,
ilegitimo,,
legitimo,,
legitimo,,indio
legitimo,,indio
ilegitimo,,indio
legitimo,,indio
legitimo,,indio
legitimo,,indio
legitimo,,indio
legitimo,,
legitimo,,
legitimo,,indio
,,indio
legitimo,,indio
ilegitimo,,mestizo
legitimo,,indio
legitimo,,indio
legitimo,,indio
legitimo,,indio
legitimo,,indio
legitimo,,indio
legitimo,,indio
legitimo,,indio
ilegitimo,,mestizo
legitimo,,indio
legitimo,,indio
legitimo,,indio
legitimo,,indio
legitimo,,indio
legitimo,,indio
legitimo,,indio
ilegitimo,,indio
legitimo,,indio
legitimo,,indio
legitimo,,
legitimo,,
legitimo,,indio
ilegitimo,,español
legitimo,,indio
legitimo,,
legitimo,,indio
legitimo,,indio
legitimo,,
legitimo,,indio
legitimo,,indio
legitimo,,indio
legitimo,,indio
legitimo,,
ilegitimo,,
legitimo,,
legitimo,,indio
legitimo,,
legitimo,,indio
legitimo,,indio
legitimo,,indio
legitimo,,indio
legitimo,,indio
legitimo,,indio
legitimo,,indio
legitimo,,indio
legitimo,,indio
legitimo,,español
legitimo,,indio
legitimo,,indio
legitimo,,
legitimo,,indio
legitimo,,indio
legitimo,,español
legitimo,,indio
legitimo,,indio
legitimo,,
ilegitimo,,
ilegitimo,,
legitimo,,
legitimo,,
legitimo,,
legitimo,,
legitimo,,
,,
ilegitimo,,
legitimo,,
legitimo,,
legitimo,,
legitimo,,
legitimo,,
legitimo,,
legitimo,,
legitimo,,
legitimo,,
legitimo,,
legitimo,,
legitimo,,
legitimo,,
legitimo,,
legitimo,,
legitimo,,
legitimo,,
legitimo,,
ilegitimo,,
legitimo,,
legitimo,,
legitimo,,
legitimo,,
legitimo,,
ilegitimo,,
ilegitimo,,
ilegitimo,,
ilegitimo,,
legitimo,,
legitimo,,
legitimo,,
legitimo,,
legitimo,,
legitimo,,
legitimo,,
legitimo,,
legitimo,,
legitimo,,
legitimo,,
ilegitimo,,
legitimo,,
legitimo,,
legitimo,,
legitimo,,
legitimo,,
ilegitimo,,
legitimo,,
legitimo,,
legitimo,,
legitimo,,
legitimo,,
legitimo,,
legitimo,,
legitimo,,
legitimo,,
legitimo,,
legitimo,,
legitimo,,
legitimo,,
legitimo,,
legitimo,,
legitimo,,
legitimo,,
ilegitimo,,
legitimo,,
legitimo,,
legitimo,,
legitimo,,
legitimo,,
legitimo,,
legitimo,,
legitimo,,
legitimo,,
legitimo,,
legitimo,,
legitimo,,
legitimo,,
legitimo,,
legitimo,,
legitimo,,
legitimo,,
legitimo,,
legitimo,,
legitimo,,
legitimo,,
legitimo,,
legitimo,,
ilegitimo,,
legitimo,,español
legitimo,,
legitimo,,
legitimo,,
legitimo,,
ilegitimo,,
legitimo,,indio
legitimo,,
legitimo,,
legitimo,,
ilegitimo,,
legitimo,,
legitimo,,
legitimo,,
legitimo,,
legitimo,,
legitimo,,
legitimo,,
legitimo,,
legitimo,,
legitimo,,
legitimo,,
legitimo,,
legitimo,,
legitimo,,
legitimo,,
ilegitimo,,
legitimo,,
ilegitimo,,
ilegitimo,,
ilegitimo,,
legitimo,,
ilegitimo,,
legitimo,,
legitimo,,
legitimo,,
legitimo,,
legitimo,,
legitimo,,
legitimo,,
legitimo,,
legitimo,,
legitimo,,
ilegitimo,,mestizo
legitimo,,
legitimo,,
legitimo,,
legitimo,,
legitimo,,
legitimo,,indio
legitimo,,indio
legitimo,,indio
legitimo,,indio
legitimo,,indio
legitimo,,indio
legitimo,,indio
legitimo,,indio
legitimo,,indio
legitimo,,indio
legitimo,,indio
legitimo,,indio
legitimo,,indio
legitimo,,indio
ilegitimo,,indio
ilegitimo,,indio
ilegitimo,,indio
legitimo,,indio
legitimo,,indio
legitimo,,indio
legitimo,,indio
legitimo,,español
ilegitimo,,indio
legitimo,,indio
ilegitimo,,indio
ilegitimo,,indio
legitimo,,indio
legitimo,,indio
legitimo,,indio
legitimo,,indio
legitimo,,indio
legitimo,,indio
legitimo,,mestizo
legitimo,,indio
legitimo,,mestizo
legitimo,,indio
legitimo,,indio
legitimo,,indio
legitimo,,indio
ilegitimo,,indio
ilegitimo,,indio
legitimo,,indio
legitimo,,indio
legitimo,,indio
legitimo,,indio
ilegitimo,,indio
ilegitimo,,indio
legitimo,,
legitimo,,indio
legitimo,,indio
legitimo,,indio
legitimo,,indio
legitimo,,indio
legitimo,,indio
legitimo,,indio
legitimo,,indio
legitimo,,indio
legitimo,,indio
legitimo,,indio
legitimo,,indio
legitimo,,indio
legitimo,,indio
legitimo,,
legitimo,,
ilegitimo,,indio
legitimo,,indio
legitimo,,indio
legitimo,,indio
legitimo,,indio
legitimo,,indio
legitimo,,indio
legitimo,,indio
legitimo,,indio
legitimo,,indio
legitimo,,indio
legitimo,,indio
legitimo,,indio
legitimo,,indio
legitimo,,indio
ilegitimo,,indio
ilegitimo,,indio
ilegitimo,,indio
legitimo,,indio
legitimo,,indio
legitimo,,indio
legitimo,,indio
legitimo,,indio
legitimo,,indio
ilegitimo,,mestizo
legitimo,,indio
legitimo,,indio
ilegitimo,,vecino
legitimo,,indio
legitimo,,indio
legitimo,,indio
legitimo,,indio
legitimo,,indio
legitimo,,indio
legitimo,,vecino
legitimo,,indio
ilegitimo,,indio
legitimo,,indio
legitimo,,indio
legitimo,,indio
legitimo,,indio
legitimo,,
legitimo,,indio
ilegitimo,,indio
legitimo,,
legitimo,,indio
legitimo,,indio
legitimo,,indio
legitimo,,indio
legitimo,,indio
legitimo,,indio
legitimo,,indio
legitimo,,indio
legitimo,,indio
legitimo,,vecino
legitimo,,indio
legitimo,,indio
legitimo,,español
legitimo,,indio
legitimo,,indio
legitimo,,indio
legitimo,,vecino
legitimo,,indio
legitimo,,vecino
legitimo,,indio
ilegitimo,,indio
,,vecino
ilegitimo,,indio
legitimo,,indio
ilegitimo,,indio
legitimo,,indio
legitimo,,indio
legitimo,,indio
legitimo,,indio
legitimo,,indio
legitimo,,indio
legitimo,,indio
legitimo,,indio
legitimo,,indio
legitimo,,indio
legitimo,,indio
legitimo,,indio
legitimo,,indio
ilegitimo,,
ilegitimo,,indio
ilegitimo,,indio
legitimo,,indio
legitimo,,indio
legitimo,,vecino
legitimo,,indio
legitimo,,indio
legitimo,,indio
legitimo,,indio
legitimo,,indio
legitimo,,indio
legitimo,,indio
legitimo,,indio
legitimo,,indio
legitimo,,indio
legitimo,,indio
legitimo,,indio
legitimo,,vecino
legitimo,,
legitimo,,
legitimo,,
legitimo,,
legitimo,,
legitimo,,
legitimo,,
legitimo,,
legitimo,,
legitimo,,
legitimo,,
legitimo,,
legitimo,,
legitimo,,
legitimo,,
legitimo,,
legitimo,,
legitimo,,
legitimo,,
legitimo,,
legitimo,,
legitimo,,
legitimo,,
legitimo,,
legitimo,,
legitimo,,
legitimo,,
legitimo,,
legitimo,,
ilegitimo,,
ilegitimo,,
legitimo,,
legitimo,,
,,
legitimo,,
legitimo,,
legitimo,,
legitimo,,
legitimo,,
legitimo,,
legitimo,,
legitimo,,
legitimo,,
legitimo,,
legitimo,,
legitimo,,
legitimo,,
legitimo,,mestizo
legitimo,,
legitimo,,
legitimo,,
legitimo,,mestizo
legitimo,,
legitimo,,
legitimo,,
legitimo,,
legitimo,,
legitimo,,
legitimo,,
legitimo,,
legitimo,,
legitimo,,
legitimo,,
legitimo,,
legitimo,,
legitimo,,
legitimo,,
legitimo,,
legitimo,,
legitimo,,
legitimo,,
legitimo,,
legitimo,,
legitimo,,
legitimo,,
legitimo,,
legitimo,,
legitimo,,
legitimo,,
legitimo,,
legitimo,,
legitimo,,
legitimo,,
ilegitimo,,
legitimo,,
legitimo,,
legitimo,,
legitimo,,
legitimo,,indio
legitimo,,indio
legitimo,,indio
legitimo,,indio
legitimo,,indio
ilegitimo,,español
ilegitimo,,español
ilegitimo,,mestizo
legitimo,,indio
legitimo,,indio
ilegitimo,,indio
ilegitimo,,indio
legitimo,,indio
legitimo,,indio
legitimo,,indio
legitimo,,indio
legitimo,,indio
ilegitimo,,indio
legitimo,,indio
legitimo,,indio
legitimo,,indio
ilegitimo,,indio
ilegitimo,,indio
legitimo,,indio
ilegitimo,,indio
legitimo,,español
legitimo,,indio
ilegitimo,,indio
ilegitimo,,mestizo
legitimo,,indio
legitimo,,indio
legitimo,,indio
legitimo,,indio
legitimo,,indio
legitimo,,indio
legitimo,,indio
legitimo,,indio
legitimo,,indio
legitimo,,indio
legitimo,,indio
legitimo,,indio
legitimo,,indio
legitimo,,indio
legitimo,,indio
legitimo,,indio
legitimo,,indio
ilegitimo,,indio
ilegitimo,,indio
legitimo,,mestizo
legitimo,,indio
legitimo,,indio
legitimo,,indio
legitimo,,indio
legitimo,,indio
legitimo,,indio
legitimo,,indio
legitimo,,indio
legitimo,,indio
legitimo,,indio
legitimo,,español
legitimo,,indio
legitimo,,indio
legitimo,,indio
legitimo,,indio
legitimo,,indio
legitimo,,indio
legitimo,,indio
legitimo,,indio
legitimo,,indio
legitimo,,indio
legitimo,,indio
legitimo,,indio
legitimo,,indio
legitimo,,indio
legitimo,,indio
legitimo,,indio
legitimo,,indio
legitimo,,indio
legitimo,,indio
legitimo,,indio
legitimo,,indio
legitimo,,indio
ilegitimo,,indio
legitimo,,indio
legitimo,,indio
legitimo,,indio
legitimo,,indio
legitimo,,indio
ilegitimo,,indio
ilegitimo,,español
legitimo,,español
legitimo,,mestizo
legitimo,,indio
legitimo,,mestizo
legitimo,,indio
legitimo,,indio
legitimo,,indio
legitimo,,mestizo
legitimo,,indio
legitimo,,indio
legitimo,,indio
legitimo,,indio
ilegitimo,,indio
legitimo,,indio
legitimo,,indio
legitimo,,indio
legitimo,,indio
legitimo,,mestizo
legitimo,,indio
legitimo,,indio
legitimo,,indio
legitimo,,indio
legitimo,,indio
legitimo,,indio
legitimo,,indio
legitimo,,indio
legitimo,,indio
ilegitimo,,indio
legitimo,,indio
legitimo,,mestizo
legitimo,,indio
legitimo,,indio
legitimo,,indio
legitimo,,indio
legitimo,,indio
legitimo,,indio
legitimo,,indio
legitimo,,indio
legitimo,,indio
legitimo,,indio
legitimo,,indio
legitimo,,indio
legitimo,,indio
legitimo,,indio
legitimo,,indio
legitimo,,indio
legitimo,,indio
legitimo,,indio
legitimo,,indio
legitimo,,indio
legitimo,,indio
ilegitimo,,indio
legitimo,,indio
legitimo,,mestizo
legitimo,,mestizo
legitimo,,indio
ilegitimo,,indio
legitimo,,indio
legitimo,,indio
legitimo,,indio
legitimo,,indio
legitimo,,indio
legitimo,,indio
legitimo,,indio
legitimo,,indio
legitimo,,indio
legitimo,,indio
legitimo,,indio
legitimo,,indio
legitimo,,indio
legitimo,,indio
ilegitimo,,indio
legitimo,,indio
legitimo,,indio
legitimo,,indio
legitimo,,indio
ilegitimo,,español
legitimo,,indio
legitimo,,indio
legitimo,,indio
legitimo,,indio
legitimo,,indio
legitimo,,indio
legitimo,,indio
legitimo,,indio
legitimo,,indio
legitimo,,indio
legitimo,,indio
legitimo,,indio
legitimo,,indio
legitimo,,indio
ilegitimo,,indio
legitimo,,indio
ilegitimo,,indio
legitimo,,indio
legitimo,,indio
legitimo,,indio
legitimo,,indio
legitimo,,indio
legitimo,,indio
legitimo,,
legitimo,,
legitimo,,indio
legitimo,,indio
legitimo,,
ilegitimo,,indio
legitimo,,indio
legitimo,,indio
legitimo,,indio
legitimo,,indio
legitimo,,indio
ilegitimo,,indio
legitimo,,indio
legitimo,,indio
ilegitimo,,indio
legitimo,,indio
legitimo,,indio
legitimo,,indio
legitimo,,indio
legitimo,,indio
legitimo,,indio
legitimo,,indio
legitimo,,indio
legitimo,,indio
legitimo,,indio
legitimo,,indio
legitimo,,indio
legitimo,,
legitimo,,
legitimo,,
legitimo,,
legitimo,,
legitimo,,
legitimo,,
ilegitimo,,
legitimo,,
legitimo,,
legitimo,,
legitimo,,
legitimo,,
legitimo,,
legitimo,,español
ilegitimo,,mestizo
legitimo,,
legitimo,,
legitimo,,
legitimo,,
legitimo,,
legitimo,,
ilegitimo,,español
legitimo,,
ilegitimo,,
legitimo,,
legitimo,,español
legitimo,,
legitimo,,
legitimo,,
ilegitimo,,
ilegitimo,,
legitimo,,
legitimo,,
ilegitimo,,
legitimo,,
ilegitimo,,español
legitimo,,
legitimo,,
legitimo,,
legitimo,,
ilegitimo,,español
legitimo,,
ilegitimo,,español
legitimo,,
legitimo,,español
legitimo,,
legitimo,,
legitimo,,
legitimo,,
legitimo,,
legitimo,,
ilegitimo,,
legitimo,,
ilegitimo,,
legitimo,,
legitimo,,
legitimo,,
legitimo,,
legitimo,,
legitimo,,
legitimo,,
legitimo,,
legitimo,,
legitimo,,
legitimo,,
legitimo,,
legitimo,,
ilegitimo,,español
legitimo,,
legitimo,,
legitimo,,
legitimo,,
ilegitimo,,español
ilegitimo,,
legitimo,,español
legitimo,,
ilegitimo,,español
legitimo,,
legitimo,,
ilegitimo,,
legitimo,,
legitimo,,
legitimo,,
legitimo,,
legitimo,,
legitimo,,
legitimo,,
legitimo,,español
ilegitimo,,
ilegitimo,,
legitimo,,
legitimo,,
legitimo,,
legitimo,,
legitimo,,
legitimo,,
legitimo,,
legitimo,,
legitimo,,
legitimo,,
legitimo,,
legitimo,,
legitimo,,
legitimo,,
legitimo,,
legitimo,,
legitimo,,
legitimo,,
legitimo,,
legitimo,,
ilegitimo,,español
legitimo,,
ilegitimo,,
legitimo,,
ilegitimo,,
ilegitimo,,
legitimo,,
legitimo,,
legitimo,,
legitimo,,
legitimo,,
legitimo,,
legitimo,,
ilegitimo,,
legitimo,,español
legitimo,,
legitimo,,
legitimo,,
legitimo,,
legitimo,,
legitimo,,
ilegitimo,,español
legitimo,,
legitimo,,
legitimo,,
legitimo,,
legitimo,,
legitimo,,español
legitimo,,español
legitimo,,
legitimo,,
legitimo,,
legitimo,,
legitimo,,
legitimo,,
legitimo,,
legitimo,,
legitimo,,
legitimo,,
legitimo,,
legitimo,,
legitimo,,
legitimo,,
legitimo,,
legitimo,,
legitimo,,
legitimo,,
legitimo,,
legitimo,,
legitimo,,
legitimo,,
legitimo,,
legitimo,,
legitimo,,
legitimo,,
legitimo,,
legitimo,,
legitimo,,
legitimo,,
legitimo,,
legitimo,,
legitimo,,
legitimo,,mestizo
legitimo,,mestizo
legitimo,,
legitimo,,
legitimo,,
legitimo,,
legitimo,,
legitimo,,
legitimo,,
legitimo,,
legitimo,,
legitimo,,
legitimo,,
legitimo,,
legitimo,,
legitimo,,
legitimo,,
legitimo,,
legitimo,,
legitimo,,
legitimo,,
legitimo,,
legitimo,,
legitimo,,
legitimo,,mestizo
legitimo,,
ilegitimo,,mestizo
legitimo,,
ilegitimo,,
legitimo,,
ilegitimo,,
legitimo,,
legitimo,,
legitimo,,
legitimo,,
legitimo,,
legitimo,,
legitimo,,
legitimo,,
ilegitimo,,
legitimo,,
legitimo,,
legitimo,,
legitimo,,
legitimo,,español
legitimo,,mestizo
legitimo,,español
legitimo,,
legitimo,,
legitimo,,
legitimo,,
legitimo,,
legitimo,,
legitimo,,
legitimo,,
legitimo,,
legitimo,,
ilegitimo,,
legitimo,,
legitimo,,
legitimo,,
legitimo,,
legitimo,,
legitimo,,
legitimo,,
ilegitimo,,
legitimo,,
legitimo,,
legitimo,,
legitimo,,
legitimo,,
legitimo,,
legitimo,,
legitimo,,
ilegitimo,,
legitimo,,
legitimo,,
legitimo,,
legitimo,,
legitimo,,
legitimo,,
legitimo,,
ilegitimo,,
ilegitimo,,español
legitimo,,
legitimo,,
legitimo,,
legitimo,,
legitimo,,
ilegitimo,,español
legitimo,,
legitimo,,
legitimo,,
legitimo,,
legitimo,,
legitimo,,
legitimo,,
legitimo,,
legitimo,,
legitimo,,
legitimo,,
legitimo,,
legitimo,,
legitimo,,
legitimo,,
ilegitimo,,
legitimo,,
legitimo,,
legitimo,,
legitimo,,
ilegitimo,,
legitimo,,
legitimo,,
legitimo,,
legitimo,,español
legitimo,,español
legitimo,,
legitimo,,
legitimo,,
legitimo,,
legitimo,,
legitimo,,
legitimo,,
legitimo,,
legitimo,,
legitimo,,
legitimo,,
legitimo,,
legitimo,,
legitimo,,indio
legitimo,,español
legitimo,,
legitimo,,
legitimo,,
legitimo,,
legitimo,,
legitimo,,
legitimo,,indio
legitimo,,
legitimo,,
legitimo,,
legitimo,,
legitimo,,
legitimo,,
legitimo,,
legitimo,,
legitimo,,
legitimo,,
legitimo,,
legitimo,,
legitimo,,
legitimo,,
legitimo,,
legitimo,,español
legitimo,,
legitimo,,
legitimo,,
legitimo,,español
legitimo,,
legitimo,,
legitimo,,
legitimo,,
legitimo,,
legitimo,,
legitimo,,
legitimo,,
legitimo,,
legitimo,,
legitimo,,
legitimo,,
legitimo,,
legitimo,,
legitimo,,
legitimo,,
legitimo,,
legitimo,,
ilegitimo,,
ilegitimo,,
legitimo,,
legitimo,,
legitimo,,
legitimo,,
legitimo,,
legitimo,,
legitimo,,
ilegitimo,,
ilegitimo,,
ilegitimo,,
ilegitimo,,
legitimo,,
legitimo,,
legitimo,,
legitimo,,
legitimo,,
legitimo,,
legitimo,,
legitimo,,
legitimo,,
legitimo,,
legitimo,,
legitimo,,
legitimo,,
legitimo,,
legitimo,,
ilegitimo,,español
legitimo,,
legitimo,,
legitimo,,
legitimo,,
legitimo,,
legitimo,,
legitimo,,
legitimo,,
legitimo,,
legitimo,,
legitimo,,
legitimo,,
legitimo,,
legitimo,,
legitimo,,
ilegitimo,,
legitimo,,
legitimo,,
legitimo,,
legitimo,,
legitimo,,
legitimo,,
legitimo,,
legitimo,,
legitimo,,
legitimo,,
legitimo,,
legitimo,,
legitimo,,español
legitimo,,
legitimo,,
ilegitimo,,
ilegitimo,,
legitimo,,
legitimo,,
legitimo,,
legitimo,,
ilegitimo,,
legitimo,,
legitimo,,
legitimo,,
legitimo,,español
ilegitimo,,
ilegitimo,,
legitimo,,español
legitimo,,
legitimo,,español
legitimo,,
legitimo,,
ilegitimo,,español
legitimo,,
legitimo,,
legitimo,,
legitimo,,
legitimo,,
legitimo,,
legitimo,,
legitimo,,
legitimo,,
legitimo,,
legitimo,,
legitimo,,
legitimo,,
legitimo,,
legitimo,,
legitimo,,
legitimo,,
legitimo,,
ilegitimo,,
legitimo,,
legitimo,,español
legitimo,,
legitimo,,
legitimo,,
legitimo,,
legitimo,,
legitimo,,
legitimo,,
legitimo,,
legitimo,,
legitimo,,
legitimo,,
legitimo,,
legitimo,,
legitimo,,
legitimo,,
legitimo,,
legitimo,,
legitimo,,español
legitimo,,español
legitimo,,
legitimo,,
ilegitimo,,
legitimo,,
legitimo,,
legitimo,,
legitimo,,
ilegitimo,,
legitimo,,
legitimo,,
legitimo,,
legitimo,,
legitimo,,
,,
legitimo,,
legitimo,,
legitimo,,
legitimo,,
legitimo,,
legitimo,,
legitimo,,
legitimo,,
legitimo,,
legitimo,,
legitimo,,
legitimo,,
legitimo,,
legitimo,,
legitimo,,
legitimo,,
ilegitimo,,
legitimo,,español
legitimo,,indio
legitimo,,indio
legitimo,,
legitimo,,
legitimo,,
ilegitimo,,
legitimo,,
legitimo,,indio
ilegitimo,,
legitimo,,
legitimo,,indio
legitimo,,indio
legitimo,,
legitimo,,indio
,,indio
legitimo,,indio
legitimo,,indio
legitimo,,indio
legitimo,,indio
legitimo,,indio
ilegitimo,,indio
legitimo,,indio
legitimo,,indio
legitimo,,indio
legitimo,,
legitimo,,indio
legitimo,,indio
legitimo,,
legitimo,,
legitimo,,
legitimo,,
legitimo,,
ilegitimo,,
legitimo,,
legitimo,,
legitimo,,
legitimo,,indio
ilegitimo,,
legitimo,,
legitimo,,
legitimo,,
legitimo,,
legitimo,,indio
legitimo,,indio
legitimo,,indio
legitimo,,indio
legitimo,,indio
legitimo,,indio
legitimo,,indio
legitimo,,español
legitimo,,indio
legitimo,,indio
legitimo,,indio
legitimo,,español
legitimo,,indio
legitimo,,indio
legitimo,,
legitimo,,
legitimo,,
legitimo,,español
ilegitimo,,
legitimo,,
legitimo,,
legitimo,,indio
legitimo,,
legitimo,,
legitimo,,
ilegitimo,,
legitimo,,
legitimo,,
legitimo,,
legitimo,,
ilegitimo,,
legitimo,,
legitimo,,
legitimo,,
legitimo,,
legitimo,,indio
legitimo,,
legitimo,,
legitimo,,
legitimo,,
legitimo,,indio
legitimo,,indio
legitimo,,indio
legitimo,,indio
legitimo,,español
legitimo,,español
legitimo,,indio
legitimo,,indio
ilegitimo,,indio
legitimo,,indio
legitimo,,indio
legitimo,,indio
legitimo,,indio
legitimo,,indio
legitimo,,indio
legitimo,,indio
legitimo,,indio
legitimo,,indio
legitimo,,indio
legitimo,,indio
legitimo,,indio
ilegitimo,,indio
legitimo,,indio
legitimo,,indio
legitimo,,español
legitimo,,indio
legitimo,,indio
legitimo,,indio
legitimo,,indio
ilegitimo,,indio
legitimo,,español
legitimo,,indio
legitimo,,indio
legitimo,,indio
legitimo,,indio
legitimo,,español
legitimo,,indio
legitimo,,español
legitimo,,indio
legitimo,,indio
ilegitimo,,indio
legitimo,,indio
legitimo,,indio
legitimo,,indio
legitimo,,español
legitimo,,español
legitimo,,indio
legitimo,,indio
ilegitimo,,indio
legitimo,,indio
legitimo,,indio
legitimo,,indio
,,indio
legitimo,,indio
legitimo,,español
,,español
ilegitimo,,indio
legitimo,,indio
legitimo,,indio
legitimo,,indio
legitimo,,indio
legitimo,,indio
ilegitimo,,indio
legitimo,,indio
legitimo,,indio
ilegitimo,,indio
legitimo,,indio
legitimo,,indio
legitimo,,indio
legitimo,,indio
legitimo,,indio
legitimo,,
,,español
legitimo,,indio
legitimo,,indio
ilegitimo,,indio
legitimo,,indio
ilegitimo,,indio
legitimo,,indio
legitimo,,indio
legitimo,,indio
legitimo,,indio
ilegitimo,,indio
,,indio
ilegitimo,,español
ilegitimo,,español
legitimo,,español
legitimo,,indio
legitimo,,indio
legitimo,,indio
legitimo,,indio
legitimo,,indio
legitimo,,indio
legitimo,,indio
legitimo,,indio
legitimo,,indio
legitimo,,indio
legitimo,,indio
legitimo,,indio
legitimo,,indio
legitimo,,indio
legitimo,,indio
legitimo,,indio
legitimo,,indio
legitimo,,indio
legitimo,,indio
legitimo,,indio
legitimo,,indio
legitimo,,indio
legitimo,,
legitimo,,
legitimo,,
legitimo,,
legitimo,,
ilegitimo,,
legitimo,,
legitimo,,
legitimo,,
legitimo,,
legitimo,,
legitimo,,
legitimo,,
ilegitimo,,
legitimo,,
legitimo,,
ilegitimo,,
legitimo,,
legitimo,,
legitimo,,
ilegitimo,,
ilegitimo,,
ilegitimo,,
legitimo,,
legitimo,,
legitimo,,
legitimo,,
legitimo,,
legitimo,,
legitimo,,
legitimo,,
legitimo,,
legitimo,,
legitimo,,
legitimo,,
legitimo,,
legitimo,,
legitimo,,
legitimo,,
legitimo,,
legitimo,,
legitimo,,
legitimo,,
ilegitimo,,
legitimo,,
ilegitimo,,
ilegitimo,,
legitimo,,
legitimo,,
legitimo,,
legitimo,,
,,
legitimo,,
legitimo,,
legitimo,,
legitimo,,
legitimo,,
legitimo,,
legitimo,,
legitimo,,
legitimo,,
legitimo,,
legitimo,,
ilegitimo,,
legitimo,,
legitimo,,
legitimo,,
legitimo,,
legitimo,,
legitimo,,
legitimo,,
legitimo,,
legitimo,,
legitimo,,
legitimo,,
legitimo,,
legitimo,,
legitimo,,
legitimo,,
legitimo,,
ilegitimo,,
legitimo,,
legitimo,,
legitimo,,
legitimo,,
legitimo,,
ilegitimo,,
legitimo,,
ilegitimo,,mestizo
legitimo,,indio
legitimo,,indio
legitimo,,indio
legitimo,,indio
legitimo,,indio
legitimo,,indio
legitimo,,indio
legitimo,,indio
legitimo,,indio
legitimo,,indio
ilegitimo,,indio
ilegitimo,,indio
ilegitimo,,indio
legitimo,,indio
legitimo,,indio
legitimo,,indio
legitimo,,indio
legitimo,,indio
legitimo,,indio
legitimo,,indio
legitimo,,indio
legitimo,,indio
legitimo,,indio
legitimo,,indio
legitimo,,indio
legitimo,,indio
legitimo,,indio
legitimo,,indio
legitimo,,indio
legitimo,,indio
legitimo,,indio
legitimo,,indio
legitimo,,indio
legitimo,,indio
legitimo,,indio
legitimo,,indio
legitimo,,indio
legitimo,,indio
ilegitimo,,indio
legitimo,,indio
legitimo,,indio
legitimo,,indio
legitimo,,indio
legitimo,,indio
legitimo,,indio
legitimo,,indio
ilegitimo,,indio
legitimo,,indio
legitimo,,indio
legitimo,,indio
legitimo,,indio
legitimo,,indio
legitimo,,indio
legitimo,,indio
legitimo,,indio
legitimo,,indio
ilegitimo,,español
legitimo,,indio
legitimo,,indio
legitimo,,indio
legitimo,,indio
legitimo,,indio
legitimo,,indio
legitimo,,indio
legitimo,,indio
legitimo,,
legitimo,,indio
legitimo,,indio
legitimo,,indio
legitimo,,indio
legitimo,,indio
legitimo,,indio
legitimo,,indio
legitimo,,indio
legitimo,,indio
legitimo,,indio
legitimo,,indio
legitimo,,indio
legitimo,,indio
legitimo,,indio
ilegitimo,,indio
legitimo,,indio
legitimo,,indio
legitimo,,indio
ilegitimo,,indio
legitimo,,indio
legitimo,,indio
legitimo,,indio
legitimo,,indio
legitimo,,indio
legitimo,,indio
legitimo,,indio
ilegitimo,,indio
legitimo,,español
legitimo,,español
legitimo,,indio
legitimo,,indio
legitimo,,indio
legitimo,,indio
legitimo,,indio
legitimo,,indio
legitimo,,indio
legitimo,,indio
legitimo,,indio
legitimo,,español
legitimo,,indio
legitimo,,indio
legitimo,,indio
legitimo,,indio
legitimo,,indio
legitimo,,indio
ilegitimo,,indio
legitimo,,español
ilegitimo,,indio
legitimo,,indio
legitimo,,indio
legitimo,,indio
legitimo,,indio
legitimo,,indio
ilegitimo,,indio
legitimo,,indio
legitimo,,indio
legitimo,,indio
ilegitimo,,indio
legitimo,,indio
ilegitimo,,español
legitimo,,español
legitimo,,indio
legitimo,,indio
ilegitimo,,indio
legitimo,,indio
legitimo,,indio
legitimo,,indio
legitimo,,indio
legitimo,,indio
legitimo,,indio
legitimo,,indio
legitimo,,indio
legitimo,,indio
legitimo,,indio
legitimo,,indio
legitimo,,indio
legitimo,,indio
legitimo,,español
ilegitimo,,indio
legitimo,,indio
legitimo,,indio
legitimo,,indio
legitimo,,indio
legitimo,,indio
legitimo,,indio
legitimo,,indio
legitimo,,indio
legitimo,,indio
legitimo,,indio
legitimo,,indio
legitimo,,indio
legitimo,,indio
legitimo,,indio
ilegitimo,,indio
legitimo,,indio
legitimo,,indio
ilegitimo,,indio
legitimo,,indio
legitimo,,indio
legitimo,,indio
legitimo,,indio
legitimo,,español
legitimo,,indio
legitimo,,indio
legitimo,,indio
legitimo,,indio
legitimo,,indio
legitimo,,español
legitimo,,indio
legitimo,,indio
legitimo,,indio
legitimo,,indio
legitimo,,indio
legitimo,,indio
legitimo,,indio
legitimo,,indio
legitimo,,indio
legitimo,,indio
legitimo,,
legitimo,,indio
legitimo,,indio
,,
legitimo,,
legitimo,,
legitimo,,
legitimo,,
legitimo,,
legitimo,,
legitimo,,
legitimo,,
legitimo,,
legitimo,,
legitimo,,
legitimo,,
legitimo,,
ilegitimo,,
legitimo,,
legitimo,,
legitimo,,
legitimo,,
legitimo,,
legitimo,,
legitimo,,
legitimo,,
legitimo,,
legitimo,,
legitimo,,
legitimo,,
legitimo,,
legitimo,,
legitimo,,
legitimo,,
legitimo,,
legitimo,,
legitimo,,
legitimo,,
legitimo,,
legitimo,,
legitimo,,
legitimo,,
legitimo,,
legitimo,,
legitimo,,
legitimo,,
legitimo,,
legitimo,,
legitimo,,
legitimo,,
legitimo,,
legitimo,,
legitimo,,
legitimo,,
legitimo,,
legitimo,,
legitimo,,
legitimo,,
legitimo,,
legitimo,,
legitimo,,
legitimo,,
legitimo,,
legitimo,,
legitimo,,
legitimo,,
legitimo,,
legitimo,,
legitimo,,
legitimo,,
legitimo,,
legitimo,,
legitimo,,
legitimo,,
legitimo,,
legitimo,,
legitimo,,
legitimo,,
legitimo,,
legitimo,,
legitimo,,
legitimo,,
legitimo,,
legitimo,,
legitimo,,
legitimo,,
legitimo,,
legitimo,,
legitimo,,
legitimo,,
legitimo,,
legitimo,,
ilegitimo,,
legitimo,,
ilegitimo,,
legitimo,,
legitimo,,
legitimo,,
legitimo,,
legitimo,,
legitimo,,
legitimo,,
legitimo,,
legitimo,,
legitimo,,
legitimo,,
ilegitimo,,
legitimo,,
legitimo,,
legitimo,,
legitimo,,
legitimo,,
legitimo,,
legitimo,,
legitimo,,
legitimo,,
ilegitimo,,
legitimo,,
legitimo,,
legitimo,,
legitimo,,
legitimo,,
legitimo,,
legitimo,,
legitimo,,
legitimo,,
legitimo,,
legitimo,,
legitimo,,
legitimo,,
legitimo,,
legitimo,,
legitimo,,
legitimo,,
legitimo,,
legitimo,,
legitimo,,
legitimo,,
legitimo,,
legitimo,,
legitimo,,
legitimo,,
legitimo,,
legitimo,,
legitimo,,
ilegitimo,,
legitimo,,
legitimo,,
legitimo,,
legitimo,,
legitimo,,
ilegitimo,,
legitimo,,
legitimo,,
legitimo,,
legitimo,,
legitimo,,
legitimo,,
legitimo,,
legitimo,,
legitimo,,
legitimo,,
legitimo,,
ilegitimo,,
legitimo,,
legitimo,,
legitimo,,
legitimo,,
legitimo,,
legitimo,,
legitimo,,
legitimo,,
legitimo,,
legitimo,,
ilegitimo,,
legitimo,,
legitimo,,
legitimo,,
legitimo,,
legitimo,,
,,
legitimo,,
legitimo,,
ilegitimo,,
legitimo,,
legitimo,,
legitimo,,
legitimo,,
legitimo,,
legitimo,,
,,
legitimo,,
ilegitimo,,
legitimo,,
ilegitimo,,
legitimo,,
legitimo,,
ilegitimo,,
legitimo,,
legitimo,,
,,
legitimo,,
legitimo,,
legitimo,,
legitimo,,
legitimo,,
legitimo,,
legitimo,,
legitimo,,
legitimo,,
legitimo,,
legitimo,,
legitimo,,
legitimo,,
legitimo,,
legitimo,,
legitimo,,
legitimo,,
legitimo,,
legitimo,,
legitimo,,
legitimo,,
ilegitimo,,
legitimo,,
,,
,,
legitimo,,
legitimo,,
legitimo,,
legitimo,,
legitimo,,
legitimo,,
legitimo,,
legitimo,,
legitimo,,
legitimo,,
legitimo,,
legitimo,,
legitimo,,
legitimo,,
legitimo,,
legitimo,,
legitimo,,
legitimo,,
legitimo,,
legitimo,,
legitimo,,
legitimo,,
ilegitimo,,
legitimo,,
legitimo,,
legitimo,,
legitimo,,
legitimo,,
legitimo,,
legitimo,,
legitimo,,
legitimo,,
legitimo,,
legitimo,,
ilegitimo,,
legitimo,,
ilegitimo,,
legitimo,,
legitimo,,
legitimo,,
legitimo,,
legitimo,,
legitimo,,
legitimo,,
legitimo,,
ilegitimo,,
legitimo,,
legitimo,,
legitimo,,
,,
legitimo,,
legitimo,,
legitimo,,
legitimo,,
legitimo,,
legitimo,,
legitimo,,
ilegitimo,,
legitimo,,
ilegitimo,,
legitimo,,
ilegitimo,,
legitimo,,
legitimo,,
ilegitimo,,
legitimo,,
legitimo,,
legitimo,,
legitimo,,
legitimo,,
ilegitimo,,
legitimo,,
legitimo,,
legitimo,,
legitimo,,
legitimo,,
legitimo,,
legitimo,,
legitimo,,
ilegitimo,,
legitimo,,
legitimo,,
legitimo,,
legitimo,,
legitimo,,
legitimo,,
legitimo,,
legitimo,,español
legitimo,,
legitimo,,
legitimo,,
legitimo,,
legitimo,,
legitimo,,
legitimo,,
legitimo,,
legitimo,,
legitimo,,
legitimo,,
legitimo,,
legitimo,,
legitimo,,
legitimo,,
legitimo,,
legitimo,,
legitimo,,
legitimo,,
legitimo,,
legitimo,,
legitimo,,
legitimo,,
legitimo,,
legitimo,,
legitimo,,
legitimo,,
legitimo,,
legitimo,,
legitimo,,
legitimo,,
legitimo,,
legitimo,,
legitimo,,
legitimo,,
legitimo,,
legitimo,,
legitimo,,
legitimo,,
legitimo,,
legitimo,,
legitimo,,
legitimo,,
legitimo,,
legitimo,,
legitimo,,
legitimo,,
legitimo,,
ilegitimo,,
ilegitimo,,
legitimo,,
legitimo,,
legitimo,,
legitimo,,
legitimo,,
legitimo,,
legitimo,,
legitimo,,
legitimo,,
legitimo,,
legitimo,,
legitimo,,
legitimo,,
legitimo,,
legitimo,,
legitimo,,
legitimo,,
legitimo,,
legitimo,,
legitimo,,
legitimo,,
legitimo,,
legitimo,,
legitimo,,
legitimo,,
legitimo,,
legitimo,,
legitimo,,
legitimo,,
legitimo,,
legitimo,,
legitimo,,
legitimo,,
legitimo,,
legitimo,,
legitimo,,
legitimo,,
legitimo,,
legitimo,,
legitimo,,
legitimo,,
legitimo,,
legitimo,,
legitimo,,
ilegitimo,,
legitimo,,
legitimo,,
ilegitimo,,
legitimo,,
legitimo,,
ilegitimo,,
legitimo,,
legitimo,,
legitimo,,
legitimo,,
legitimo,,
legitimo,,
legitimo,,
legitimo,,
legitimo,,
legitimo,,
legitimo,,
legitimo,,
legitimo,,
legitimo,,
ilegitimo,,
legitimo,,
legitimo,,
legitimo,,
legitimo,,
legitimo,,
ilegitimo,,
legitimo,,
ilegitimo,,
legitimo,,
legitimo,,
legitimo,,
legitimo,,
ilegitimo,,
ilegitimo,,
legitimo,,
ilegitimo,,
legitimo,,
legitimo,,
ilegitimo,,
legitimo,,
legitimo,,
legitimo,,
legitimo,,
ilegitimo,,
legitimo,,
ilegitimo,,
legitimo,,
legitimo,,
legitimo,,
legitimo,,
legitimo,,
legitimo,,
legitimo,,
legitimo,,
ilegitimo,,
legitimo,,
legitimo,,
legitimo,,
legitimo,,
legitimo,,
ilegitimo,,
ilegitimo,,
legitimo,,
legitimo,,
legitimo,,
legitimo,,
legitimo,,
ilegitimo,,
legitimo,,
ilegitimo,,
legitimo,,
legitimo,,
ilegitimo,,
ilegitimo,,
legitimo,,
legitimo,,
legitimo,,
legitimo,,
ilegitimo,,
ilegitimo,,
legitimo,,
legitimo,,
legitimo,,
legitimo,,
ilegitimo,,
legitimo,,
legitimo,,
ilegitimo,,
legitimo,,
legitimo,,
legitimo,,
legitimo,,
legitimo,,
legitimo,,
legitimo,,
ilegitimo,,
legitimo,,
ilegitimo,,
legitimo,,
legitimo,,
legitimo,,
legitimo,,
legitimo,,
legitimo,,
legitimo,,
legitimo,,
legitimo,,
legitimo,,
legitimo,,
legitimo,,
ilegitimo,,
legitimo,,
legitimo,,
legitimo,,
legitimo,,
legitimo,,
legitimo,,
ilegitimo,,
legitimo,,
legitimo,,
legitimo,,
ilegitimo,,
legitimo,,
legitimo,,
legitimo,,
legitimo,,
ilegitimo,,
legitimo,,
legitimo,,
legitimo,,
legitimo,,
legitimo,,
,,
legitimo,,
legitimo,,
legitimo,,
legitimo,,
legitimo,,
ilegitimo,,
legitimo,,
ilegitimo,,
legitimo,,
legitimo,,
legitimo,,
legitimo,,
ilegitimo,,
ilegitimo,,
legitimo,,
legitimo,,
legitimo,,
ilegitimo,,
legitimo,,
legitimo,,
legitimo,,
legitimo,,
legitimo,,
legitimo,,
legitimo,,
legitimo,,
ilegitimo,,
legitimo,,
ilegitimo,,
legitimo,,
legitimo,,
legitimo,,
ilegitimo,,
legitimo,,
legitimo,,
legitimo,,
legitimo,,
legitimo,,
ilegitimo,,
legitimo,,
legitimo,,
ilegitimo,,
legitimo,,
legitimo,,
legitimo,,
legitimo,,
ilegitimo,,
ilegitimo,,
,,
legitimo,,
legitimo,,
legitimo,,
legitimo,,
legitimo,,
legitimo,,
legitimo,,
legitimo,,
legitimo,,
ilegitimo,,
legitimo,,
ilegitimo,,
legitimo,,
legitimo,,
legitimo,,
legitimo,,
legitimo,,
legitimo,,
legitimo,,
legitimo,,
legitimo,,
legitimo,,
legitimo,,
legitimo,,español
,,
legitimo,,indio
legitimo,,
legitimo,,indio
legitimo,,indio
legitimo,,indio
legitimo,,indio
legitimo,,indio
legitimo,,
,,
legitimo,,indio
legitimo,,indio
,,
legitimo,,
ilegitimo,,
legitimo,,indio
,,
ilegitimo,,
legitimo,,
legitimo,,
ilegitimo,,
legitimo,,
legitimo,,
legitimo,,
legitimo,,
legitimo,,
legitimo,,
legitimo,,
legitimo,,
legitimo,,
legitimo,,
legitimo,,
legitimo,,
legitimo,,
ilegitimo,,
legitimo,,
ilegitimo,,
legitimo,,
ilegitimo,,
legitimo,,
legitimo,,
legitimo,,
legitimo,,
legitimo,,
legitimo,,
legitimo,,
legitimo,,
legitimo,,
legitimo,,
legitimo,,
legitimo,,
ilegitimo,,
legitimo,,
legitimo,,
legitimo,,
legitimo,,
legitimo,,
legitimo,,
legitimo,,
legitimo,,
legitimo,,
legitimo,,
legitimo,,
legitimo,,
legitimo,,
legitimo,,
legitimo,,
legitimo,,
legitimo,,
legitimo,,
legitimo,,
legitimo,,
legitimo,,
legitimo,,
legitimo,,
legitimo,,
legitimo,,
legitimo,,
ilegitimo,,
legitimo,,
legitimo,,
legitimo,,
ilegitimo,,
legitimo,,
legitimo,,
legitimo,,
legitimo,,
legitimo,,
legitimo,,
legitimo,,
legitimo,,
legitimo,,
legitimo,,
legitimo,,
legitimo,,
legitimo,,
legitimo,,
ilegitimo,,
ilegitimo,,
legitimo,,
legitimo,,
ilegitimo,,
legitimo,,
legitimo,,
legitimo,,
legitimo,,
legitimo,,
legitimo,,
ilegitimo,,
ilegitimo,,
legitimo,,
legitimo,,
ilegitimo,,
ilegitimo,,
legitimo,,
legitimo,,
legitimo,,
legitimo,,
legitimo,,
legitimo,,
legitimo,,
legitimo,,
ilegitimo,,
legitimo,,
ilegitimo,,
legitimo,,
legitimo,,
ilegitimo,,
ilegitimo,,
legitimo,,
legitimo,,
ilegitimo,,
legitimo,,
legitimo,,
legitimo,,
legitimo,,
legitimo,,
legitimo,,
legitimo,,
ilegitimo,,
ilegitimo,,
ilegitimo,,
legitimo,,
legitimo,,
legitimo,,
legitimo,,
legitimo,,
legitimo,,
ilegitimo,,
legitimo,,
legitimo,,
legitimo,,
legitimo,,
legitimo,,
ilegitimo,,
legitimo,,
legitimo,,
legitimo,,
legitimo,,
legitimo,,
ilegitimo,,
legitimo,,
ilegitimo,,
legitimo,,
ilegitimo,,
legitimo,,
legitimo,,
legitimo,,
legitimo,,
legitimo,,
ilegitimo,,
legitimo,,
legitimo,,
ilegitimo,,
legitimo,,
legitimo,,
ilegitimo,,
legitimo,,
legitimo,,
legitimo,,
legitimo,,
legitimo,,
legitimo,,
ilegitimo,,
ilegitimo,,
legitimo,,
legitimo,,
legitimo,,
ilegitimo,,
legitimo,,
ilegitimo,,
legitimo,,
legitimo,,
ilegitimo,,
legitimo,,
legitimo,,
legitimo,,
legitimo,,
legitimo,,
legitimo,,
legitimo,,
legitimo,,
legitimo,,
legitimo,,
legitimo,,
legitimo,,
legitimo,,
ilegitimo,,
legitimo,,
legitimo,,
legitimo,,
ilegitimo,,
ilegitimo,,
legitimo,,
legitimo,,
legitimo,,
legitimo,,
legitimo,,
legitimo,,
ilegitimo,,
legitimo,,
legitimo,,
legitimo,,
legitimo,,
legitimo,,
legitimo,,
legitimo,,
ilegitimo,,
legitimo,,
ilegitimo,,
ilegitimo,,
legitimo,,
ilegitimo,,
legitimo,,
legitimo,,
ilegitimo,,
legitimo,,
legitimo,,
legitimo,,
legitimo,,
legitimo,,
legitimo,,
legitimo,,
ilegitimo,,
legitimo,,
legitimo,,
ilegitimo,,
legitimo,,
legitimo,,
ilegitimo,,
legitimo,,
legitimo,,
legitimo,,
legitimo,,
legitimo,,
legitimo,,
legitimo,,
legitimo,,
legitimo,,
legitimo,,
ilegitimo,,
legitimo,,
legitimo,,
legitimo,,
legitimo,,
legitimo,,
legitimo,,
legitimo,,
legitimo,,
legitimo,,
legitimo,,
legitimo,,
legitimo,,
legitimo,,
legitimo,,
legitimo,,
legitimo,,
legitimo,,
legitimo,,
legitimo,,
legitimo,,
legitimo,,
legitimo,,
legitimo,,
legitimo,,
legitimo,,
legitimo,,
legitimo,,
legitimo,,
legitimo,,
legitimo,,
legitimo,,
ilegitimo,,
legitimo,,
ilegitimo,,
legitimo,,
ilegitimo,,
ilegitimo,,
ilegitimo,,
legitimo,,
ilegitimo,,
legitimo,,
legitimo,,
legitimo,,
ilegitimo,,
legitimo,,
legitimo,,
legitimo,,
legitimo,,
legitimo,,
legitimo,,
legitimo,,
legitimo,,
legitimo,,
legitimo,,
legitimo,,
legitimo,,
ilegitimo,,
legitimo,,
legitimo,,
legitimo,,
legitimo,,
legitimo,,
ilegitimo,,
legitimo,,
legitimo,,
ilegitimo,,
legitimo,,
legitimo,,
legitimo,,
legitimo,,
legitimo,,
legitimo,,
legitimo,,
legitimo,,
legitimo,,
legitimo,,
ilegitimo,,
legitimo,,
ilegitimo,,
legitimo,,
ilegitimo,,
legitimo,,
ilegitimo,,
ilegitimo,,
legitimo,,
ilegitimo,,
legitimo,,
legitimo,,
legitimo,,
legitimo,,
ilegitimo,,
legitimo,,
legitimo,,vecino
legitimo,,
ilegitimo,,
legitimo,,
legitimo,,
legitimo,,
legitimo,,
legitimo,,indio
ilegitimo,,indio
legitimo,,indio
legitimo,,
legitimo,,indio
ilegitimo,,
legitimo,,indio
legitimo,,indio
legitimo,,indio
legitimo,,indio
legitimo,,indio
ilegitimo,,indio
legitimo,,indio
legitimo,,indio
legitimo,,
legitimo,,indio
legitimo,,indio
legitimo,,indio
legitimo,,indio
legitimo,,indio
legitimo,,indio
legitimo,,
legitimo,,indio
legitimo,,
legitimo,,indio
legitimo,,indio
legitimo,,indio
legitimo,,indio
legitimo,,indio
legitimo,,indio
legitimo,,indio
legitimo,,indio
legitimo,,indio
ilegitimo,,indio
legitimo,,
legitimo,,
ilegitimo,,
legitimo,,
legitimo,,
legitimo,,
legitimo,,indio
legitimo,,indio
ilegitimo,,indio
legitimo,,
ilegitimo,,indio
legitimo,,indio
ilegitimo,,indio
ilegitimo,,indio
legitimo,,indio
legitimo,,indio
legitimo,,indio
legitimo,,indio
legitimo,,
ilegitimo,,
ilegitimo,,
ilegitimo,,
ilegitimo,,
legitimo,,
legitimo,,indio
legitimo,,indio
ilegitimo,,indio
ilegitimo,,indio
legitimo,,indio
legitimo,,vecino
legitimo,,vecino
ilegitimo,,
legitimo,,indio
ilegitimo,,indio
ilegitimo,,
legitimo,,vecino
ilegitimo,,vecino
legitimo,,vecino
legitimo,,
ilegitimo,,
legitimo,,
legitimo,,indio
legitimo,,indio
legitimo,,indio
ilegitimo,,indio
legitimo,,indio
ilegitimo,,indio
legitimo,,indio
legitimo,,
legitimo,,indio
legitimo,,indio
ilegitimo,,indio
ilegitimo,,indio
legitimo,,vecino
legitimo,,indio
ilegitimo,,
legitimo,,
ilegitimo,,
ilegitimo,,
ilegitimo,,
legitimo,,
legitimo,,
ilegitimo,,
legitimo,,
legitimo,,
legitimo,,
legitimo,,
legitimo,,
ilegitimo,,
legitimo,,
ilegitimo,,
ilegitimo,,
ilegitimo,,
legitimo,,
ilegitimo,,
legitimo,,
legitimo,,
legitimo,,
legitimo,,
legitimo,,
legitimo,,
legitimo,,
legitimo,,
ilegitimo,,
legitimo,,
legitimo,,
legitimo,,
legitimo,,
legitimo,,
legitimo,,
legitimo,,
ilegitimo,,
legitimo,,
legitimo,,
legitimo,,
legitimo,,
legitimo,,
legitimo,,
legitimo,,
legitimo,,
legitimo,,
legitimo,,
legitimo,,
ilegitimo,,
ilegitimo,,
legitimo,,
legitimo,,
ilegitimo,,
legitimo,,
legitimo,,
legitimo,,
ilegitimo,,
legitimo,,
legitimo,,
ilegitimo,,
legitimo,,
legitimo,,
legitimo,,
ilegitimo,,
legitimo,,
ilegitimo,,
ilegitimo,,
legitimo,,
legitimo,,
legitimo,,
legitimo,,
legitimo,,
legitimo,,
legitimo,,
legitimo,,
,,
legitimo,,
legitimo,,
legitimo,,
legitimo,,
legitimo,,
legitimo,,
legitimo,,
legitimo,,
legitimo,,
ilegitimo,,
legitimo,,
ilegitimo,,
legitimo,,
legitimo,,
legitimo,,
legitimo,,
legitimo,,
legitimo,,
legitimo,,
ilegitimo,,
legitimo,,
ilegitimo,,
ilegitimo,,
legitimo,,
legitimo,,
legitimo,,
ilegitimo,,
legitimo,,
legitimo,,
legitimo,,
legitimo,,
legitimo,,
legitimo,,
legitimo,,
legitimo,,
ilegitimo,,
legitimo,,
legitimo,,
legitimo,,
ilegitimo,,
ilegitimo,,
legitimo,,
legitimo,,
legitimo,,
legitimo,,
legitimo,,
ilegitimo,,
ilegitimo,,
legitimo,,
legitimo,,
legitimo,,
ilegitimo,,
legitimo,,
legitimo,,
legitimo,,
legitimo,,
legitimo,,
legitimo,,
legitimo,,
legitimo,,
ilegitimo,,
legitimo,,
legitimo,,
legitimo,,
ilegitimo,,
legitimo,,
legitimo,,
legitimo,,
legitimo,,
legitimo,,
ilegitimo,,
legitimo,,
ilegitimo,,
ilegitimo,,
ilegitimo,,
ilegitimo,,
ilegitimo,,
,,
ilegitimo,,
legitimo,,
legitimo,,
ilegitimo,,
legitimo,,
legitimo,,
legitimo,,
legitimo,,
legitimo,,
legitimo,,
ilegitimo,,
legitimo,,
legitimo,,
legitimo,,
legitimo,,
legitimo,,
legitimo,,
legitimo,,
ilegitimo,,
legitimo,,
legitimo,,
ilegitimo,,
legitimo,,
legitimo,,
legitimo,,
legitimo,,
legitimo,,
ilegitimo,,
legitimo,,
legitimo,,
ilegitimo,,
ilegitimo,,
legitimo,,
legitimo,,
legitimo,,
legitimo,,
ilegitimo,,
legitimo,,
ilegitimo,,
legitimo,,
legitimo,,
legitimo,,
legitimo,,
legitimo,,
legitimo,,
legitimo,,
legitimo,,
legitimo,,
ilegitimo,,
legitimo,,
legitimo,,
legitimo,,
legitimo,,
legitimo,,
ilegitimo,,
legitimo,,
legitimo,,
legitimo,,
ilegitimo,,
ilegitimo,,
legitimo,,
legitimo,,
ilegitimo,,
ilegitimo,,
legitimo,,
legitimo,,
legitimo,,
legitimo,,
legitimo,,
ilegitimo,,
ilegitimo,,
ilegitimo,,
ilegitimo,,
legitimo,,
legitimo,,
legitimo,,
legitimo,,
legitimo,,
legitimo,,
legitimo,,
ilegitimo,,
legitimo,,
legitimo,,
legitimo,,
legitimo,,
ilegitimo,,
ilegitimo,,
legitimo,,
legitimo,,
legitimo,,
ilegitimo,,
legitimo,,
legitimo,,
legitimo,,
legitimo,,
legitimo,,
legitimo,,
legitimo,,
ilegitimo,,
legitimo,,
legitimo,,
ilegitimo,,
ilegitimo,,
,,indio
legitimo,,
ilegitimo,,
ilegitimo,,indio
legitimo,,indio
legitimo,,indio
ilegitimo,,indio
ilegitimo,,indio
legitimo,,indio
legitimo,,indio
legitimo,,indio
legitimo,,indio
legitimo,,vecino
legitimo,,indio
legitimo,,indio
legitimo,,indio
legitimo,,indio
ilegitimo,,
legitimo,,indio
legitimo,,indio
ilegitimo,,indio
legitimo,,indio
legitimo,,indio
legitimo,,indio
ilegitimo,,indio
legitimo,,
ilegitimo,,
legitimo,,indio
legitimo,,indio
legitimo,,indio
legitimo,,indio
legitimo,,indio
legitimo,,indio
ilegitimo,,indio
legitimo,,indio
legitimo,,indio
legitimo,,indio
legitimo,,indio
legitimo,,indio
legitimo,,indio
legitimo,,indio
legitimo,,indio
legitimo,,indio
,,
legitimo,,
ilegitimo,,
ilegitimo,,
legitimo,,
legitimo,,
legitimo,,
legitimo,,indio
legitimo,,indio
legitimo,,indio
legitimo,,indio
ilegitimo,,
legitimo,,español
ilegitimo,,indio
ilegitimo,,
legitimo,,indio
legitimo,,indio
legitimo,,indio
legitimo,,español
legitimo,,indio
legitimo,,indio
legitimo,,indio
legitimo,,español
ilegitimo,,indio
legitimo,,indio
legitimo,,indio
legitimo,,indio
legitimo,,indio
ilegitimo,,español
ilegitimo,,español
ilegitimo,,indio
legitimo,,indio
ilegitimo,,
ilegitimo,,
ilegitimo,,
legitimo,,indio
legitimo,,español
legitimo,,indio
ilegitimo,,
legitimo,,
legitimo,,
legitimo,,indio
legitimo,,indio
legitimo,,indio
legitimo,,
ilegitimo,,
legitimo,,
legitimo,,
legitimo,,indio
legitimo,,
legitimo,,indio
legitimo,,indio
legitimo,,indio
legitimo,,indio
legitimo,,indio
legitimo,,indio
legitimo,,
legitimo,,
legitimo,,
ilegitimo,,
ilegitimo,,
legitimo,,
legitimo,,
legitimo,,indio
legitimo,,indio
legitimo,,
legitimo,,
legitimo,,indio
ilegitimo,,indio
ilegitimo,,indio
legitimo,,indio
legitimo,,indio
legitimo,,indio
legitimo,,indio
legitimo,,indio
legitimo,,indio
legitimo,,indio
legitimo,,indio
legitimo,,indio
legitimo,,indio
legitimo,,indio
legitimo,,indio
legitimo,,indio
ilegitimo,,indio
legitimo,,indio
legitimo,,español
legitimo,,indio
legitimo,,indio
legitimo,,indio
legitimo,,
ilegitimo,,indio
legitimo,,indio
legitimo,,indio
legitimo,,indio
legitimo,,indio
legitimo,,indio
legitimo,,indio
legitimo,,indio
legitimo,,indio
legitimo,,
legitimo,,indio
legitimo,,
legitimo,,indio
ilegitimo,,indio
legitimo,,indio
legitimo,,indio
legitimo,,indio
ilegitimo,,
ilegitimo,,indio
legitimo,,indio
legitimo,,indio
legitimo,,indio
legitimo,,indio
legitimo,,
legitimo,,indio
legitimo,,indio
legitimo,,
legitimo,,indio
legitimo,,indio
legitimo,,indio
legitimo,,indio
legitimo,,indio
legitimo,,indio
legitimo,,indio
legitimo,,indio
legitimo,,indio
legitimo,,indio
legitimo,,indio
legitimo,,indio
legitimo,,indio
legitimo,,indio
legitimo,,indio
ilegitimo,,indio
legitimo,,indio
legitimo,,indio
ilegitimo,,
legitimo,,indio
ilegitimo,,
ilegitimo,,
legitimo,,indio
legitimo,,indio
legitimo,,indio
ilegitimo,,
ilegitimo,,
ilegitimo,,indio
ilegitimo,,indio
legitimo,,indio
legitimo,,indio
legitimo,,indio
legitimo,,indio
legitimo,,indio
legitimo,,indio
legitimo,,indio
legitimo,,indio
legitimo,,indio
legitimo,,indio
legitimo,,indio
legitimo,,indio
legitimo,,indio
legitimo,,indio
ilegitimo,,indio
ilegitimo,,indio
ilegitimo,,indio
legitimo,,indio
legitimo,,
,,
legitimo,,
legitimo,,
legitimo,,
legitimo,,
ilegitimo,,
legitimo,,
legitimo,,
legitimo,,
legitimo,,
legitimo,,
legitimo,,
legitimo,,
legitimo,,
legitimo,,
legitimo,,
legitimo,,
ilegitimo,,
ilegitimo,,
legitimo,,
legitimo,,
legitimo,,
legitimo,,
legitimo,,
legitimo,,
legitimo,,
legitimo,,
legitimo,,
legitimo,,
legitimo,,
legitimo,,
legitimo,,
legitimo,,
legitimo,,
legitimo,,
legitimo,,indio
legitimo,,español
legitimo,,indio
legitimo,,indio
legitimo,,indio
,,
legitimo,,español
legitimo,,indio
legitimo,,indio
legitimo,,indio
legitimo,,indio
legitimo,,indio
legitimo,,indio
legitimo,,
legitimo,,español
legitimo,,indio
legitimo,,indio
ilegitimo,,indio
legitimo,,indio
legitimo,,indio
legitimo,,indio
legitimo,,indio
legitimo,,indio
legitimo,,indio
legitimo,,indio
legitimo,,español
legitimo,,indio
legitimo,,indio
legitimo,,indio
legitimo,,indio
legitimo,,indio
legitimo,,indio
legitimo,,indio
legitimo,,español
legitimo,,indio
legitimo,,indio
legitimo,,indio
legitimo,,indio
legitimo,,indio
legitimo,,indio
ilegitimo,,mestizo
legitimo,,indio
legitimo,,indio
legitimo,,indio
legitimo,,indio
legitimo,,indio
legitimo,,indio
legitimo,,indio
legitimo,,indio
legitimo,,indio
legitimo,,indio
legitimo,,indio
legitimo,,indio
legitimo,,indio
legitimo,,indio
legitimo,,indio
legitimo,,indio
legitimo,,indio
legitimo,,indio
legitimo,,indio
legitimo,,indio
legitimo,,indio
legitimo,,indio
legitimo,,indio
legitimo,,indio
ilegitimo,,indio
legitimo,,indio
legitimo,,indio
legitimo,,indio
legitimo,,mestizo
legitimo,,indio
legitimo,,mestizo
legitimo,,mestizo
legitimo,,indio
legitimo,,español
legitimo,,español
legitimo,,indio
legitimo,,indio
legitimo,,indio
legitimo,,indio
legitimo,,indio
legitimo,,indio
legitimo,,indio
legitimo,,indio
legitimo,,indio
legitimo,,español
legitimo,,indio
legitimo,,español
legitimo,,indio
legitimo,,indio
legitimo,,indio
legitimo,,indio
legitimo,,indio
legitimo,,español
legitimo,,indio
legitimo,,indio
legitimo,,indio
legitimo,,indio
legitimo,,indio
legitimo,,indio
ilegitimo,,indio
legitimo,,indio
legitimo,,indio
ilegitimo,,indio
legitimo,,indio
legitimo,,indio
legitimo,,indio
legitimo,,indio
legitimo,,indio
legitimo,,indio
legitimo,,indio
legitimo,,indio
ilegitimo,,indio
legitimo,,indio
legitimo,,indio
legitimo,,indio
legitimo,,indio
legitimo,,indio
legitimo,,
legitimo,,
legitimo,,
legitimo,,
legitimo,,indio
legitimo,,indio
legitimo,,indio
legitimo,,
legitimo,,indio
legitimo,,indio
legitimo,,indio
legitimo,,indio
legitimo,,indio
legitimo,,indio
legitimo,,indio
legitimo,,indio
ilegitimo,,español
legitimo,,indio
legitimo,,indio
ilegitimo,,español
ilegitimo,,indio
legitimo,,indio
legitimo,,indio
ilegitimo,,indio
legitimo,,
legitimo,,
ilegitimo,,
legitimo,,
legitimo,,
legitimo,,
legitimo,,
legitimo,,
legitimo,,
legitimo,,
legitimo,,
ilegitimo,,
legitimo,,
legitimo,,
ilegitimo,,
ilegitimo,,
legitimo,,
legitimo,,
legitimo,,
legitimo,,
legitimo,,
legitimo,,
legitimo,,
legitimo,,
ilegitimo,,
legitimo,,
legitimo,,
legitimo,,
legitimo,,
legitimo,,
legitimo,,
legitimo,,
legitimo,,
legitimo,,
legitimo,,
legitimo,,
legitimo,,
legitimo,,
legitimo,,
legitimo,,
legitimo,,
legitimo,,
legitimo,,
legitimo,,
legitimo,,
legitimo,,
legitimo,,
legitimo,,
ilegitimo,,
ilegitimo,,
legitimo,,
ilegitimo,,
legitimo,,
legitimo,,
legitimo,,
legitimo,,
legitimo,,
ilegitimo,,
legitimo,,
legitimo,,
legitimo,,
legitimo,,
ilegitimo,,
legitimo,,
legitimo,,
legitimo,,
legitimo,,
legitimo,,
legitimo,,
legitimo,,
legitimo,,
legitimo,,
legitimo,,
ilegitimo,,
legitimo,,
legitimo,,
legitimo,,
legitimo,,
legitimo,,
legitimo,,
legitimo,,
legitimo,,
legitimo,,
legitimo,,
legitimo,,
legitimo,,
legitimo,,
legitimo,,
legitimo,,
legitimo,,
legitimo,,
legitimo,,
legitimo,,
legitimo,,
legitimo,,
legitimo,,
,,
legitimo,,indio
legitimo,,indio
legitimo,,indio
legitimo,,indio
legitimo,,indio
legitimo,,indio
legitimo,,indio
legitimo,,indio
legitimo,,indio
legitimo,,indio
legitimo,,indio
legitimo,,indio
legitimo,,indio
legitimo,,indio
legitimo,,indio
ilegitimo,,indio
legitimo,,indio
legitimo,,indio
legitimo,,indio
legitimo,,indio
legitimo,,indio
legitimo,,español
legitimo,,indio
legitimo,,vecino
legitimo,,indio
legitimo,,indio
ilegitimo,,indio
ilegitimo,,
ilegitimo,,indio
legitimo,,indio
legitimo,,indio
legitimo,,español
legitimo,,indio
legitimo,,indio
legitimo,,indio
,,indio
legitimo,,indio
,,indio
legitimo,,indio
legitimo,,indio
legitimo,,indio
legitimo,,indio
legitimo,,indio
legitimo,,indio
legitimo,,indio
ilegitimo,,indio
legitimo,,español
legitimo,,indio
legitimo,,indio
legitimo,,indio
legitimo,,indio
ilegitimo,,indio
legitimo,,indio
legitimo,,indio
legitimo,,indio
legitimo,,indio
legitimo,,indio
legitimo,,indio
legitimo,,indio
legitimo,,indio
legitimo,,indio
ilegitimo,,indio
legitimo,,indio
legitimo,,español
legitimo,,indio
legitimo,,indio
legitimo,,indio
legitimo,,indio
legitimo,,indio
legitimo,,indio
legitimo,,indio
legitimo,,indio
legitimo,,indio
legitimo,,indio
legitimo,,indio
legitimo,,indio
ilegitimo,,indio
legitimo,,indio
ilegitimo,,mestizo
legitimo,,indio
legitimo,,indio
legitimo,,indio
legitimo,,indio
legitimo,,indio
legitimo,,indio
legitimo,,indio
ilegitimo,,indio
legitimo,,indio
ilegitimo,,
ilegitimo,,
legitimo,,indio
legitimo,,indio
legitimo,,indio
ilegitimo,,indio
legitimo,,indio
ilegitimo,,indio
legitimo,,indio
legitimo,,indio
legitimo,,indio
legitimo,,indio
legitimo,,indio
legitimo,,indio
legitimo,,indio
legitimo,,indio
legitimo,,indio
legitimo,,indio
legitimo,,indio
legitimo,,indio
legitimo,,indio
legitimo,,indio
legitimo,,español
legitimo,,indio
legitimo,,indio
legitimo,,indio
legitimo,,indio
legitimo,,indio
legitimo,,español
ilegitimo,,indio
ilegitimo,,indio
legitimo,,indio
ilegitimo,,español
legitimo,,indio
legitimo,,indio
ilegitimo,,indio
legitimo,,indio
legitimo,,indio
legitimo,,indio
legitimo,,indio
legitimo,,indio
legitimo,,indio
legitimo,,
legitimo,,
legitimo,,
legitimo,,
legitimo,,
legitimo,,
legitimo,,
legitimo,,
legitimo,,
legitimo,,
legitimo,,
legitimo,,indio
legitimo,,
legitimo,,
legitimo,,indio
ilegitimo,,indio
legitimo,,mestizo
legitimo,,indio
legitimo,,indio
legitimo,,indio
legitimo,,mestizo
legitimo,,indio
legitimo,,indio
legitimo,,indio
ilegitimo,,indio
legitimo,,indio
legitimo,,indio
legitimo,,indio
legitimo,,indio
legitimo,,indio
ilegitimo,,indio
legitimo,,indio
ilegitimo,,indio
legitimo,,indio
ilegitimo,,indio
legitimo,,indio
ilegitimo,,indio
legitimo,,indio
ilegitimo,,indio
legitimo,,indio
ilegitimo,,indio
ilegitimo,,indio
legitimo,,indio
legitimo,,español
legitimo,,indio
ilegitimo,,español
legitimo,,indio
ilegitimo,,indio
legitimo,,indio
ilegitimo,,indio
ilegitimo,,indio
legitimo,,indio
legitimo,,indio
legitimo,,indio
ilegitimo,,español
legitimo,,indio
legitimo,,indio
legitimo,,indio
legitimo,,indio
legitimo,,indio
legitimo,,indio
ilegitimo,,indio
legitimo,,indio
legitimo,,indio
legitimo,,indio
legitimo,,indio
legitimo,,indio
legitimo,,indio
legitimo,,indio
legitimo,,indio
legitimo,,indio
ilegitimo,,indio
legitimo,,español
legitimo,,indio
legitimo,,indio
legitimo,,indio
legitimo,,indio
legitimo,,indio
legitimo,,indio
legitimo,,indio
legitimo,,indio
legitimo,,mestizo
legitimo,,indio
legitimo,,indio
legitimo,,indio
legitimo,,indio
legitimo,,mestizo
legitimo,,indio
legitimo,,indio
legitimo,,indio
,,indio
legitimo,,indio
legitimo,,indio
legitimo,,indio
legitimo,,indio
legitimo,,indio
legitimo,,indio
legitimo,,indio
legitimo,,indio
ilegitimo,,indio
legitimo,,indio
legitimo,,indio
legitimo,,indio
legitimo,,indio
ilegitimo,,mestizo
ilegitimo,,mestizo
legitimo,,indio
legitimo,,indio
legitimo,,indio
legitimo,,indio
legitimo,,mestizo
legitimo,,mestizo
ilegitimo,,mestizo
legitimo,,indio
legitimo,,indio
legitimo,,indio
legitimo,,indio
